邪恶	"我们都爱邪恶趣图！内心太邪恶自然不是你的错，但是邪恶了不承认就是你的错了。笑话博览网为大家带来了全球各种坐怀不乱的震精邪恶趣图以及福利，张张图都能让你到达邪恶的边缘。各种蛋疼乳酸的邪恶牛人,瞬间把你那氪金猫眼给亮瞎!快邀你的小伙伴一起测测邪恶指数吧!"	"邪恶,邪恶图片,邪恶趣图,邪恶笑话"	邪恶图片_邪恶趣图_邪恶笑话
内涵	笑话博览内涵图频道，专注内涵本质，分享最真实最内涵的幽默段子，最有亮点的内涵趣图，屌丝最爱的美女福利，善于发现、分享笑点的美丽帅气萌的小编们每日精心整理各种内涵笑话，打造最为经典的幽默平台，各种内涵，你懂得！	"内涵,邪恶内涵,内涵趣图,搞笑内涵"	邪恶内涵_内涵趣图_搞笑内涵
霸气	霸气，是一种鄙视基友的王者风范，是一种蔑视明星的潇洒气度，是一种无视屌丝的坦荡胸怀。在这里，各种藏在民间的牛人和女汉子将用一身的霸气来征服身边无数的猥琐男女们。不能不说，看到这些霸气的牛人们，不仅笑坏了小编，也简直要把老板们给吓尿。	"霸气,拉风,威武,霸道"	拉风_威武
动态图	笑话博览的动态图汇聚了最让人喷饭的搞笑动态图片，搞笑gif图，每天不间断搜集整理网络中最新动态图，笑一笑十年少，笑话博览的动态图一定可以让那你变得年轻快乐。有人说“搞笑动态图片笑死人”！是的，我们的目的就是要让你快乐，笑不死，也要让你的笑声飞一会！	"搞笑动态图,爆笑gif,美女动态图"	搞笑动态图_gif
亮点	"生活中亮点无处不在,只是缺少一双发现亮点的眼睛。笑话博览的亮点图，专注于分享新鲜好玩的事物，寻找生活中的各种亮点，并收集最好的福利，提供给大家！在这里，每一个笑话和图片都有个让你爆笑不已的亮点藏在其中，你能找到其中的内涵吗？"	"亮点,精华,笑点,亮点图"	精华_笑点
男女	俗话说：十年修得同船渡，百年修得共枕眠。男女之间的幽默早已超出了笑话的境界，不然在世间寻寻觅觅，最终怎么会遇到TA？在冥冥之中，男女姻缘天已注定。恩恩爱爱度过一生，嘻嘻哈哈相伴到老。用幽默和笑话去调剂男女生活，你的一生会更美好！	"男女图片,男女关系,单身男女,都市男女,非常男女"	男女图片_爆笑男女笑话
重口味	重口味现在已经成为一种网络用语，重口味指一般人无法接受的事物，而对此却有嗜好的人。本来重口味是个贬义词，但是经过网络文化的演变，已经变成一个彰显个性的标签了。总之，重口味就是很黄很暴力的东东，如果你在笑话博览呆久了，这都不算什么啦。	"重口味,重口味图片,爆笑重口味,重口味漫画"	口味重_重口味图片
美女	当心！性感美女也开始按耐不住搞笑的冲动啦！许许多多漂亮的美女们开始演绎超雷人的幽默事迹：雷人的、恶搞的、无节操的、内涵的图片瞬间让你捧腹大笑。每当你心情不好时，不妨看看笑话博览的美女们，没准下一秒你就忍不住笑喷了饭。想看了么？那就尽情享受吧！	"美女,MM,女孩,美眉"	MM_女孩_美眉
夫妻	夫妻在一起，常常是笑料百出。夫妻生活中的糗事，浪漫爱情的趣事。现在的小夫妻真是不得了，妻管严的老公不在少数，如果惹老婆生气，喝醉酒不理老婆，后果可是很严重哦，跪键盘不许打出字，跪方便面不准碎都只是小儿科呢，一对欢乐的夫妻就连吵架都能把人笑喷呢。	"夫妻,爱人,老公,老婆"	爱人_老公_老婆
动物	看过了各种奇葩的牛人搞笑后，你有没有发现，动物也有幽默的时候。人与动物共存，动物无时无刻不在给人们带来惊喜和欢乐。他们憨态可掬的外表，时常能够博得人们的会心一笑。动物总动员，动物世界是如此精彩，一张张搞笑动物图片真会让你笑破肚皮……	"动物世界,人与动物,搞笑动物,卖萌"	爆笑动物_动物图片
糗事	最幽默最倒霉最尴尬，没有最搞笑，只有更搞笑的糗事大集结！最爆笑的糗事百态，最尴尬的糗事曝光，最真实的出糗瞬间，生活中形形色色的搞笑糗事，道不尽一语惊人、欲哭无泪、惊天地泣鬼神窘态之化境！糗事一箩筐，尽在笑话博览！	"糗事百科,暴走糗事,糗事大百科,搞笑糗事,糗百"	糗事百科_暴走糗事_糗事大百科
牛人	记住！在笑话博览的世界里，牛人的境界你永远不懂！你或许佩服过牛人们最具挑战力的玩命自拍；你或许赞叹于牛人们精彩绝伦的水果雕刻；你或许惊诧于牛人们的绝世武功......但和笑话博览世界里的牛人相比，他们暴弱了！看过这一张张牛气冲天的照片，你和小伙伴们真会惊呆了！	"爆笑牛人,牛人图片,史上最牛,恶搞牛人"	爆笑牛人_史上最牛
爆笑	爆笑讲究的是从骨子里散发出来的一种幽默，这可是幽默的最高境界。意想不到的爆笑图片，妙语连珠的爆笑对话，还有百看不厌的爆笑动态图，爆笑绝对是开心和幽默的完美结晶。想在最适当的时机用最机智的言语达到幽默，却意义深远的效果，看“爆笑”精品笑话大全。	"爆笑笑话大全,爆笑图片,经典笑话大全,爆笑漫画"	爆笑笑话大全_爆笑图片
雷人恶搞	总有些牛人的会出现在你身边，总会做些雷人恶搞来亮瞎你眼！牛人们对生活中遇到的琐事总能想到爆笑的处理方式，所以有的人就把他实施了，变成了恶搞的一幕。今天小编将给大家带来新的雷人恶搞图，与大家分享这些爆笑恶搞的一幕，相信各位小笑话博览们看了之后会心一笑。	"爆笑恶搞,恶搞表情,恶搞照片,恶搞美女"	恶搞图片_爆笑恶搞
动漫	动漫频道精心收集网络上最新、最全的搞笑动漫，搞笑的真人动漫、卡通动漫、四格漫画、黑白线条动漫、经典动漫动态图应有尽有！笑话博览动漫频道，旨在让你嘴角上扬，捧腹大笑Y(^_^)Y有空常来哦!	"爆笑动漫.动态图,动漫美女,动漫图片"	搞笑动漫_真人动漫_经典动漫
销魂	"销魂也作“消魂”，形容性感到极致，极其迷人的人和事物。有时也用作反语,形容太奇葩了。比销魂，汪星人和喵星人恐怕不输给人类呢。公交地铁上的牛人们，你们的睡姿要不要那么销魂！夏天的妹子穿的那么销魂，让屌丝们怎么把持的住啊！"	"销魂,销魂睡姿,销魂姿势"	销魂睡姿_销魂姿势
冷笑话	笑话博览为您提供超过十万个冷笑话，全部都是精选的冷笑话大全，平时我们爱讲冷笑话的朋友可以从这里挑出很多爆笑冷笑话。慢慢的你就会发现，你变成了一个冷笑话达人。灵活运用这些冷笑话去把身边的朋友冻住吧！	"冷笑话,冷笑话精选,冷笑话大全,爆笑冷笑话"	冷笑话精选_冷笑话大全_爆笑冷笑话
校园	校园生活永远是多姿多彩的，这里无时不刻都在产生爆笑校园笑话，随时随地都能抓拍到那到奇葩搞怪的校园爆笑图片。这些形形色色的校园故事都系着一道小小的校园风景，每一个都写照着我们青春年少的幽默和智慧。	"爆笑校园,校园图片,宿舍搞笑图片,学生美女老师"	爆笑校园笑话_爆笑图片
家庭	生活里时时有惊喜，家庭中处处有幽默！俗话说：再好的家庭中也难免磕磕碰碰的时候，如果出现矛盾，甚至争吵，幽默是最好的缓冲剂和灭火器。家庭生活中，常讲些诙谐幽默的段子，不仅可以活跃家庭气氛，松弛家中母老虎的紧张情绪，而且对你的人身安全也是大有益处啊。	"家庭,家族,家人,亲情"	家族_家人
趣事	生活趣事，无处不在，鼠标轻轻一点，一切都在笑话博览中。回忆我们的身边，总有一些难以忘怀的各种生活趣事、校园趣事、家庭趣事、奇闻趣事等，记录下我们生活中的精彩瞬间！于是，我们为您提供每日最新最全的爆笑趣事，让你在闲暇之余开心的放声大笑，快乐每一天！	"趣事,奇闻,生活趣事,校园趣事,家庭趣事"	奇闻趣事_爆笑趣事
名人	"“全民娱乐”时代的土壤之下，广大网友们也不甘寂寞，纷纷玩起了名人恶搞。这不，古代的杜甫和包大人刚刚忙完，诸葛亮突然不亮了！现代的娱乐圈名人们不甘落后的加入恶搞行列，靠演戏吃饭的名人们玩起恶搞来,手段却更加的高端：反串、吐槽、模仿,形形色色,令人捧腹大笑。"	"名人,著名人物,知名人士,名气"	著名人物_知名人士_名气
儿童	每一个儿童都是搞笑的天才，他们的一举一动，一言一行，都会给人们带来快乐。无论是在日常生活中，还是在游戏娱乐时，儿童总是做出让你爆笑的事情。特别是儿童调皮捣蛋的时候，更是充满创意，即使是他们的一个表情，都会让人忍俊不禁。下面就来看看那些搞笑的儿童吧。	"小孩,宝宝,孩子,熊孩子"	宝宝_孩子_熊孩子
创意	最新鲜新奇的创意分享，设计、发明、搞怪、爆笑……笑话博览创意频道，收藏、分享、发现生活中一切创意有趣的新鲜事物，让你再爆笑中徜徉创意世界！体验各种有（神）才（经）能（病）设计师们灵感迸发（忘记吃药）的瞬间！	"创意,搞笑创意,创意图片,搞怪发明"	搞笑创意_创意图片_搞怪发明
猫咪	所谓猫咪，一整个种族都是神经病的物种！爱睡觉、爱干净、天性懒散、傲娇抖M属性！笑话博览猫咪频道，猫奴们的游乐场，集各种猫咪搞笑卖萌之大成！各种被蓝星人欺负or欺负蓝星人的猫咪，萌并神经着，保证你萌cry笑抽！	"猫星人,喵星人,卖萌,萌猫"	猫星人_萌猫
奇闻趣事	"总有些奇闻让你亮瞎双眼，总有些趣事让你大开眼界！笑话博览网汇聚天下奇闻趣事，为你提供在报纸上、电视中看不到的奇趣笑话。我们每天实时更新,聚合有独特视觉感的奇闻趣事，图文并茂向你展现无限精彩！"	"奇闻,趣事,世界奇闻,天下奇闻,爆笑趣事"	异事_怪事
狗狗	可爱的狗狗永远含蓄而充满机智，思绪走的比主人快，卖萌比天敌猫咪巧，让你随着你狗狗的恶搞而发出会心的一笑。汪星人的幽默真是天生的，头脑灵活度、思想多元化，无论什么情况都会使你觉得：狗狗是个不可或缺的幽默伙伴。每天来看又呆又萌的狗狗图片，绝对保证好心情！	"小狗图片,小狗,狗狗图片,汪星人"	汪星人_狗狗图片
碉堡	碉堡了是“屌（diǎo）爆了”的谐音词，最早来源于周杰伦口头禅，后来成为网络流行语，多表示某件事物“很强很牛X”“非常惊人”等，其次还有“震惊了”、“悲剧了”等几种意思。与“弱爆了”是反义词。碉堡的牛人，碉堡的创意，碉堡的小伙伴，你们这么屌，你们家里人知道么？	"碉堡,屌爆了,震惊了,悲剧了"	屌爆了_震惊了
车子	车子包含汽车、火车、自行车、摩托车等等。牛人的车子总是那么与众不同，引人注目，富有创意的改装，个性的贴纸和标语，还有奇葩的车牌都能让你的车子成为焦点。许多高手的停车方式也能让你目瞪口呆。车子还能停在水里？停在树上？神一般的车技，你们都是飞车玩多了吧？	"车子,自行车,汽车,摩托"	自行车_汽车_摩托
卖萌	"卖萌无罪,可爱有理。一个个活泼天真，清纯可人的正太萝莉脱颖从笑话博览狂奔而来；一群群萌宠们刹那间秒杀“无辜”看客。他们的笑脸和身影定会让你感到心情愉快，引发无限美好回忆。那种无心计纯天然的卖萌，给人一种整个世界一下子变得纯真美好的幻觉。"	"卖萌,可爱,装可爱,萌宠"	可爱_装可爱
奇葩	奇葩本意是指奇特而美丽的花朵，奇葩做为网络词语流行，多带有调侃和讽刺意味，多指罕见的、离奇的让人难以理解的行为，我们都可以用“真是一朵奇葩”来形容。奇葩的人，奇葩的事，奇葩头像，奇葩图片，奇葩年终奖，奇葩睡姿，生活中真是到处都是奇葩。	"奇葩,奇葩是什么意思,奇葩图片,奇葩网名,奇葩笑话"	奇葩是什么意思_奇葩图片_奇葩网名_奇葩笑话
逗比	“逗比”一词源自《西游记》红孩儿的一句话：你是猴子请来的救兵吗？后发展成网络流行语，逗比被网络引申为你TM在开玩笑吧，用于调侃别人卖萌、搞笑的行为。逗比的智商真是令人堪忧，逗比修东西的方式你绝对想不到。上帝创造逗比的时候一定是幽默细胞放的太多了，逗比青年欢乐多啊！	"逗比,逗比是什么意思,逗比段子,逗比图片"	逗比是什么意思_逗比段子_逗比图片
老师	老师是每个人学生时代最熟悉的人。为什么男神、女神都是别人家的老师，我的老师却是个奇葩。悲催啊！老师说：同学们，最近我们要买某某资料，自愿购买，绝不强迫。我说：老师，我不想买。老师说：嗯，可以，那你借其他同学的抄一份吧！	"老师,我的老师,美女老师,极品老师"	我的老师_美女老师_极品老师
二货	二货简称“二”原来形容智商低总做傻事的人，如今二货包含了可爱、无奈等很多感情。二货青年欢乐多，二货室友喝大了伤不起，二货们的睡相太奇葩，二货同事送的蛋糕太没节操了，二货主人们不要再欺负汪星人了！有个二货媳妇好无奈，千万不要让二货爸爸带孩子，真被这些二货们打败了！	"二货,二货青年,二货老婆,二货主人"	二货青年_二货老婆_二货妹子_二货主人
伤不起	伤不起就是受不了伤了，不能受伤了的意思。是一种网络新文体。用来咆哮吐槽。不穿秋裤的男子你伤不起！学法语的人你伤不起啊！有强迫症的孩子你伤不起！坑爹的理发师你伤不起！胖子伤不起！二逼青年伤不起！药不能停的杀马特更加伤不起啊！	伤不起	
表情	有了丰富多彩的表情，我们的生活才变得更加有趣。嫉妒的表情，上课时被提问的表情，骚年们，你们的表情要不要那么夸张！比起表情丰富，人类恐怕还得输给动物朋友呢，无论呆萌还是犯二，动物们全部都是表情帝呢！搞笑的表情其实无处不在，仔细观察，食物、垃圾箱、包包也有他们的表情呢！	"表情,搞笑表情,夸张表情,表情帝"	搞笑表情_夸张表情
喵星人	喵星人，猫的网络昵称。喵星人的秘密武器就是萌死人的猫爪。喵星人和汪星人亦敌亦友。喵星人是个蛇精病的种族。无论你给它准备了多么高大上的猫窝，它都只钟爱盒子。喵星人拥有强大的弹跳力和模仿力。猫星人逆天的行为让人不禁感叹，你们是来收复地球的吧？	"喵星人,喵星人图片,喵星人卖萌,喵星人汪星人"	喵星人图片_喵星人卖萌_喵星人汪星人
拍照	搞笑牛人的世界里是没有正常拍照这个词的，你想拍照，就得提防随时准备抢镜的小伙伴，他们可是无所不用其极的。自拍的那个永远不是焦点，抢镜的永远是亮点。他们是拿绳命在抢镜啊！高手的拍照姿势总是那么销魂。拍照的角度很重要，错位拍照可以毫无违和感也可以让人感觉很邪恶呢。	"拍照,照相,相片,自拍,相机"	照相_相片
电话	随着电话的普及，人们之间的联系日益密切。即使身在远方的亲人，通过电话也能随时进行沟通，一解人们的相思之苦。打电话也造就了很多趣事。因为彼此看不到对方，打错电话后也可能觉得是一个许久不联系的朋友打来的电话。面对推销电话有时也不要烦，大可以调戏一下，给自己找点乐趣。	"电话,打电话,电话号码,电话铃声"	打电话_电话号码
学生党	学生党指同在读书阶段的人。学生党包括小学生，中学生，高中生，大学生等等。每个人都是从学生党走过来的，学生党伤不起啊！你有没有这样的感觉？有些课就像南孚电池，一节更比六节长，这就是所有学生党的悲剧。	"学生党,学生党发型,学生党头像,学生党减肥"	学生党发型_学生党头像_学生党减肥
体育	体育界笑料多多。随话说不怕神一样的对手，就怕猪一样的队友。体育队员里的逗比真不少，体育队员的淡定境界你真的猜不到。赛场上牛人多，有时候看台的观众比队员还要激动呢，定格比赛画面时，运动员的表情真的好囧。体育比赛中的基情画面让人不禁邪恶，还有好身材靓丽的女队员让人注意力都不能集中了呢。	"体育,运动,锻炼,健身"	运动_锻炼_健身
节操	节操：气节和操守，合称“节操”，其实也就是道德品质。现在指，路上可以捡到的东西。节操碎一地，意思是指那节操已经完全被抛弃。一个人说了不好的话，就可以说他没有节操。除此之外，无节操还可以用于自嘲，由于越来越多的曲解误解误用，无节操慢慢的也可以指“无厘头”了。	"节操,节操是什么意思,无节操,节操掉了一地"	节操是什么意思_无节操_节操掉了一地
妹纸	妹纸，就是妹子的意思。漂亮的萌妹纸总是吸引眼球。火车上，我旁边来了个妹纸，女神级别的，她放行李时突然对我说：“帅哥，帮我放下好吗？我够不到！”我那个激动啊，潇洒一站起来，猛的发现我还没妹纸高。她看了看我说：“算了，我自己来吧。”突然想到一句歌词“满怀忧伤却流不出泪。”	"妹纸,软妹纸,萌妹纸,妹纸笑话"	软妹纸_萌妹纸_妹纸笑话
老板	和员工达成一片的老板最惹人爱，不发年终奖的老板不是好老板，脑子不好用的人真的当不了老板。老板你的广告这么吊，老板娘知道吗？那些年老板说过的谎言：我们开个短会…你懂的。如何让老板给加薪？如何对付抠门老板？快来笑话博览看看吧。	"老板,头儿,老总,BOSS"	头儿_老总
神回复	最亮的评论，最爆笑的回复，大神们野马奔腾的思维、搞怪内涵的神经，跳出惯性思维的陷阱，抛开前人设立的条条框框，带你领略一语惊人、惊世骇俗，惊天地泣鬼神之化境！神回复、神问答、神吐槽、神解析，神回复——出乎意料的幽默体验！	"神回复,神问答,搞怪回答,爆笑回复"	神问答_搞笑回答
同事	同事指在一个公司工作的人。我的同事是个极品，很闷骚，很屌丝，喜欢一个女同事。二货同事十分想和女同事搭话。可是奈于闷骚不敢，就不断的办公室绕圈，在女同事面前欲言又止。突然他鼓足勇气来了一句：“来，掰个腕子。”注定孤独一生的奇葩同事啊！	"同事,二货同事,极品同事,奇葩同事"	二货同事_极品同事_奇葩同事
经营	随着竞争的日益激烈，经营各种生意的老板们，为了能够更好的经营自己的生意，纷纷想出一些经营之道。在越来越多的经营方式中，另类的奇葩经营方式，不仅使我们记住了他们所经营的生意，也给我们的生活带来了各式各样的笑料。同时为我们以后自己经营生意提供了一些方法。	"经营,经营管理,销售,生意"	经营管理_销售_生意
汪星人	汪星人，狗的网络昵称。汪星人是人类最忠实的朋友。爷爷老了，新近做了一口假牙，昨晚吃猪蹄，看得我家汪星人那个眼馋。一不小心假牙从嘴里蹦出，汪星人飞快的叼起就跑，爷爷手里拿着猪蹄追着汪星人央求：哥们，给你猪蹄，还我假牙好不？	"汪星人,汪星人嘴贱,汪星人卖萌,汪星人喵星人大战"	汪星人嘴贱_汪星人卖萌_汪星人喵星人大战
屌丝	屌丝也写作“吊丝”，源自民间粗口，网络中屌丝泛指那些“穷矮搓丑胖撸”的人群。男屌丝对应的是“高帅富”女屌丝对应的是“白富美”。屌丝集自卑、辛酸、自嘲、恶搞于一身。屌丝们普遍身份卑微、未来渺茫、感情空虚，他们渴望得到社会的高度认可，得到女神的亲睐，渴望逆袭，但是恐怕只有中乐透之后才能实现吧。	"屌丝,屌丝是什么意思,屌丝男,女屌丝"	屌丝是什么意思_屌丝男_女屌丝
交通	伴随着交通技术的不断进步，各地之间的交通联系日益频繁。为我们带来快捷交通的同时，也在产生各式各样的交通趣事。笑话博览为大家收集整理了最新鲜有趣的有关交通的笑料，为大家的交通生活增添一份快乐。并请大家在开心的同时，注意交通安全。	"交通,出行,在路上,运输"	出行_在路上_运输
悲催	悲催表示伤心、失败、悔恨的意思比“杯具”的感情色彩更重。屌丝的情人节总是那么悲催。和损友喝醉酒的后果真悲催啊。挂科是学生党最悲催的事情。悲催的猫奴表示完全无法正常拍一张自拍照。岁月是把杀猪刀，这悲催的人生啊！	"悲催,悲催图片,悲催表情"	悲催图片_悲催表情
明星	古书上指金星。旧时指交际场中有名的女子，现多指有名的歌手、演员、运动员等。如今娱乐圈也不好混，姥爷和周董都去日本发展事业了，两个人相互扶持，相互鼓励，希望有一天在日本闯出一片灿烂辉煌的事业。！	"明星,演员,歌手,艺人"	演员_歌手
熊孩子	常用于形容调皮的，岁数小不懂人事的孩子。同时在看到一些小孩做了一些不可理喻的带有破坏性的事情时，也可以叹一句：“这熊孩子”。被网友们界定为那些乱翻东西、搞破坏、不守规矩的孩子。他会删掉你的存档，摔坏你的模型，划烂你的屏幕，甚至还死乞白赖地要抢走你心爱的漫画、游戏、玩偶……	"熊孩子,孩子,儿女,捣蛋鬼"	孩子_儿女_捣蛋鬼
标语	马路上、校园里，厕所中，饭店前到处都有标语。生活中的标语还真是亮点多多。“明知驾车还劝酒，绝对不是好朋友”“汽车开的快，阎王最喜爱”警察蜀黎的标语都开始卖萌了，“小抖怡情，狂抖伤身”“如厕不冲水，爱人比出轨”“先生们请随手关门，不要让姐姐看到你的软弱”厕所里的标语太有才了。	"标语,口号,宣传口号,搞笑标语"	口号_宣传口号
聊天	在这个互联网时代里，所谓聊天可分两种。一种是与现实生活中的人际交往；一种是网上聊天，网上聊天分为语音聊天和视频聊天。这姑娘就在视频聊天，只是她……太投入了……	"聊天,网络聊天,闲谈,谈话"	网络聊天_闲谈
公司	大学毕业后每个青年都渴望去一个理想中的公司。然而现实是残酷的，能有个公司就不错了…公司里的奇葩事太多了。公司管理大会，我做主持，董事长洋溢的发言后，我说，大家欢送董事长下台。然后，...我到现在还没上班呢。悲催啊！	"公司,企业"	企业
PS	Ps是常用的美化图片的工具，很多PS后的图片都是毫无违和感，让你真假难辨，自从网络神人们用PS恶搞图片之后，便一发不可收拾。PS恶搞美女，恶搞明星，恶搞影视剧，恶搞雕像等等。如今PS恶搞成风，让人不禁大呼PS大神真是碉堡了！好多网友网上求P照片，结果被技术不精的网友恶搞，网上求P照片要谨慎啊！	"PS,修图,P图,修照片"	修图_P图_修照片
语录	指一个人的说话记录，通常为了说明一段时间内某人的所说句子和语言特征等。现指有一定传播力的名人之言、网民言论、社会事件所产生的新词条。一些网友会写出“如果有一天姐变的狠疯狂，请告诉别人，姐淑女过。”这样的搞笑雷人语录，来给自己的生活添点料。	"语录,言论的记录,摘录,名人语录"	言论的记录_摘录
真相	真相就是被隐藏的事情的真面目。无图无真相，真相往往是残酷的，知道真相的那一刻，我的眼泪掉下来。一句话说出真相的人叫做真相帝。除夕不放假的真相原来是这样的！有图有真相，女人才是这个世界上最不怕冷的动物。真相永远超乎想象，有时候眼前所见也不一定是真相。	"真相,无图无真相,有图有真相"	无图无真相_有图有真相
漂亮	漂亮同义于我们常说的好看、美。漂亮的美女走在街上绝对吸引眼球。漂亮的小宠物萌的人一脸血。漂亮的景色让人流连忘返。春暖花开，万紫千红的花朵实在漂亮。北国世界冰雪童话让人大呼漂亮。只要善于观察，漂亮的事物无处不在。	"漂亮,漂亮景色,漂亮妹纸"	漂亮景色_漂亮妹纸
厕所	厕所，生活中谁都离不开的地方，关于厕所的笑话数不胜数。不能忘记的厕所中的糗事。牛人们上厕所可不只是坐着的哦，奇葩的厕所标志让人不知所措，雷人的厕所标语让小伙伴们都惊呆了，超有创意的厕纸和马桶，搞笑的厕所壁画，厕所里居然还有“美女”？你还能上的出来么？	"厕所,洗手间,茅房,盥洗室"	洗手间_茅房_盥洗室
食物	在搞笑牛人的世界里，食物不只是用来吃的。有创意的食物真是高端大气上档次，简直都舍不得吃呢，山寨的食物却让人不忍直视。人形的萝卜，愤怒的水果，你们不要这么调皮好吧。其实食物也有自己的表情，连泡面和土豆都学会卖萌了。听说女神最近喜欢茄子和黄瓜，我不禁邪恶了…	"食物,水果,蔬菜,吃的"	水果_蔬菜
广告	广告，即广而告知之意。广告是为了某种特定的需要，通过一定形式的媒体，公开而广泛地向公众传递信息的宣传手段。现在很多不良商家利用汉语的歧义来博得眼球，像什么买花送女朋友，买房子送老婆，我也只能说呵呵了。	"广告,广而告之,宣传,商业广告"	广而告之_宣传
办公室	办公室是上班族最熟悉的地方，办公室的笑料可真不少！办公室里有极品上司、逗比同事、更有每天都想见到的美女同事。如果可以，我想要一间堆满零食的办公室，可是现实却是那微薄的薪水，奇葩的各种规定，我终于忍不住要辞职了：老板我要像梦一样自由，回家养猪，请批准！	"办公室,工作,上班,打工"	工作_上班_打工
影视	影视是包括电影、电视以及电视电影等在内的影像艺术的表达对象，当然这是大家都知道的。可是有些影视制作商似乎并不知道影视是一门艺术，制作出来的影视作品秉承着不雷死你不偿命的效果，不断对观众进行着视觉雷击。幸好大众的抗雷击属性还是比较高的，面对这些影视作品早已经免疫。	"影视,影音,影像艺术,影视剧"	影音_影像艺术_影视剧
卧槽	卧槽，网络用语，口头禅的一种。我草的谐音。看到网络女神的真面目不禁感叹，卧槽尼玛，这是一个人吗？有人说，“爱笑的女孩运气都不会太差”这句话指的是那种听到笑话宛然一笑娇羞低头的女孩子。不是你们那种“卧槽笑尿了最后哈哈哈”的女汉子。人艰不拆啊!	"卧槽,卧槽美女,卧槽图片,卧槽表情"	卧槽美女_卧槽图片_卧槽表情
骚年	骚年等于少年但是还有别的含义，就是闷骚少年，风骚少年。网络上用作朋友之间调侃的昵称。骚年，你这么吊你家人知道吗？骚年，你是猴子请来的逗比吗？骚年，要不能停，千万不要放弃治疗啊！骚年，活该你一辈子单身啊！骚年，你妈叫你回家吃饭了！骚年，你摊上大事儿了！	"骚年,闷骚少年,风骚少年"	闷骚少年_风骚少年
女汉子	女汉子通常是用来形容那些外表是女的，但是性格“纯爷们”的姑娘。女汉子不会撒娇，性格大大咧咧。女汉子适用于有以下性格特点的女生：天太热时，在家会“裸奔”；吃苹果不削皮，洗了直接啃，薯片吃到最后，直接倒嘴里；女汉子对小清新不感兴趣，与其做那些事情浪费时间，还不如在家抠脚吃面打游戏来得有趣。	"女汉子,女汉子图片,女汉子是什么意思,最萌女汉子"	女汉子图片_女汉子是什么意思_最萌女汉子
吃货	吃货，多指爱吃的人。吃货目前使用最广泛，也是大家最认可的解释是特指会吃、特别爱吃的人。很多吃货自认为自己是美食家，但是这两者还是有区别滴。美食家是吃好东西，吃货是指吃好多东西。对于大部分吃货，所谓的“出去玩”最后都会演变成：找个地方吃个饭休息下吧……大概就是酱紫了……	吃货	
手机	自从有了手机，我们成了它的奴隶。街道上，地铁里到处都是低头玩手机的人。牛人玩手机的方式真是丧心病狂。那些年我们曾经用过的神机你还记得么？砸核桃的诺基亚，三卡三待的山寨手机，怕冷又怕热的苹果。还有无节操的手机配饰，都能亮瞎你的双眼，手机脏了怎么办？刷一刷啊！	"手机,移动电话,智能手机,电话"	移动电话_智能手机
坑爹	坑爹一词通常用于善意的讽刺、嘲笑或者吐槽那些“不给力”的事情。超市买到的食物保质期到2月30号，这不是坑爹么？山寨产品更是坑你没商量！那些坑爹的游戏你玩过么？坑爹的熊孩子伤不起！伪女神太多，现在的选美活动都太坑爹了！比上厕所没带纸更坑爹的事情你知道是什么吗？	"坑爹,坑爷,坑人"	坑爷_坑人
大爷	大爷是对老年男性长辈的尊称或者旧社会地位较高的男性的称呼。“你大爷”北京话口头禅，骂人的意思。今天在火车代售点买票，前面是一大爷在买票，大爷说：“买票。”售票MM问他要身份证。他默默地拿出一户口本交给售票ＭＭ。ＭＭ问：要几张？大爷霸气的回答：“买一户口本的”。	"大爷,老大爷,你大爷,大爷笑话"	老大爷_你大爷_大爷笑话
有爱	如果说你对某物有爱，就是说你对这个东西很入迷，很投入。如果说你对某人有爱，就是说你很喜欢他，很中意他。有爱可以是一只温顺的汪星人细心的呵护着一群玩耍的小鸡，有爱可以是一位怀孕的母亲在肚皮上描绘可爱的表情，有爱可以是怕水的喵星人陪伴着婴儿一起洗澡。	"有爱,有爱图片,有爱动物,有爱家庭"	有爱图片_有爱动物
公交	公交是我们熟悉的交通工具，很多人每天都在用绳命去挤公交，算得上是苦逼表情的生产线了。公交上的雷人囧事真不少，霸气外漏的占座方式，销魂逆天的各种睡姿，还有自带座椅的牛人，公交真是一个奇葩出没的地方！公交车上有很多有创意的广告，真是亮瞎双眼，前座的妹子走光了，我该告诉她么？	"公交,公共汽车,公共交通,交通工具"	公共汽车_公共交通
司机	一个路人拦下计程车，他问司机：从这儿到机场要多久？司机：要很久的。路人：起码要多久？司机：骑马要更久。脑洞大开的司机伤不起啊！司机们神一样的车技，真给跪了！堵车时才发现司机们都那么多才多艺！酒后驾车的司机简直就是在作死。这世上有一种可怕的人，他们叫做—女司机。	"司机,女司机,牛人司机"	女司机_牛人司机_爆笑司机
欢乐多	在笑话的世界里，绝对是二货青年欢乐多。2B青年们善用错位，拍起照来真是欢乐多多。给酒量小的朋友过生日，真是欢乐多。办公室里，二货同事欢乐多。妹子们范起二来也是欢乐多多。拿猫咪当武器，当帽子，逗比主人欢乐多啊！吃货们创意足，欢乐多，超市大妈思路广，欢乐多！笑话博览的大神们更是欢乐多！	"欢乐多,二货青年欢乐多,2B青年欢乐多"	二货青年欢乐多_2B青年欢乐多
无奈	无奈即没有办法，无计可施。人生充满着无奈，本想周末睡个天昏地暗，却还是逃不过早上的一泡尿。看看那些陪着老婆逛街的男人，脸上都写着两个字—“无奈”，每天都要二货主人一起拍照摆造型，喵星人和汪星人们表示好无奈。小短腿的无奈大长腿们永远无法理解。狭路相逢最无奈的是—遇到胖子！	"无奈,无奈的表情,无奈的图片"	无奈的表情_无奈的图片_无奈的句子
悲剧	悲剧是一种戏剧形式，网络中又写做“杯具”意为悲惨的结局。女人喝醉了真是件悲剧的事，身边有个损友，干啥都悲剧。摊上个熊孩子，爹妈只能悲剧了。凡事不能高兴的太早，说不好下一秒就悲剧了，一句话道出人生最大的悲剧和喜剧：我是我妈去打胎时候忘带钱，才活下来的……	"悲剧,杯具"	杯具
淡定	淡定，指有泰山崩于前而面不改色的镇定程度。屌丝见到女神总是无法淡定。牛人淡定的境界一般人达不到。车祸了还能淡定的抽着烟，洪水中还能淡定的打麻将。都火烧眉毛了还能如此淡定，神一样的淡定哥们真是伤不起啊！	"淡定,淡定哥,淡定姐"	淡定哥_淡定姐
你妹呀	你妹呀，是网络上用来作为发泄的一个语气词。山寨产品现在越来越无敌了，你妹呀！网上说口香糖能除尘，都堵住了，除你妹呀！被偷袭后只想说一句，你妹呀！哪个魂淡干的。理发师你妹呀，老子要的不是这样的发型。当你感到吐槽无力的时候，一句“你妹呀”就代表了千言万语。	"你妹呀,你妹"	你妹
眼神	眼神可以表达很多情绪。从眼神中我们能看出羡慕、嫉妒、困惑、鄙视……恋人之间一个眼神就足以表达一切。男神、女神的一个眼神就能粉丝为之疯狂。每当给猫咪洗澡，平时萌萌的他们能用眼神杀死你。汪星人犯错时那诚恳的眼神让人都不忍心惩罚他们了。	"眼神,搞笑眼神,眼神笑话"	搞笑眼神_眼神笑话
考试	"学生时代，考试就像家常便饭。每一场考试来临前，都会有人临阵磨枪，结果却是看一句忘三行，他们叫做学渣。也有人稳操胜券，他们叫做学霸。学渣考试的小抄可是花样繁多，手掌、大腿能写字的地方都写满了答案,还有各种作弊神器。考试时，学霸赢在分高，学渣赢在机智。"	"考试,测验,试卷,作弊"	测验_试卷
中枪	中枪，网络用语，被击中、被打击。当老师上课讲到一半不说话就代表有一位同学要倒霉了，小伙伴们有没有中枪？从小到大做数学我一般先写个“答”字，然后就没有然后了…学渣们中枪了有木有？年底总结，这一年赚到的只有年龄，何止中枪！简直躺枪了！	"中枪,躺着中枪"	躺着中枪
大叔	大叔就是指人到中年，成熟稳重的男人。大叔爱萝莉的电影比俊男美女更能吸引观众。对女神来说，霸气的大叔比毛头小子更有吸引力。当然现实生活中也不乏猥琐大叔。大叔不是你想当就能当的，高富帅老了之后才能叫做大叔，屌丝老了以后只能叫做师傅！人艰不拆啊！	"大叔,猥琐大叔,男神大叔,中年大叔"	猥琐大叔_男神大叔_中年大叔
裤子	古人云：合裆谓之裤，可遮阴去淫、可护膝保暖。而在当前这种无节操的年代，裤子是一种搞笑神器：女神的裤子一改保守风范，越穿越短；男屌的裤子里外8层，越穿越矮。更有奇葩妹纸偏爱肉色隐形裤子，流连于市井之地、穿插在地铁其中，令路人亮瞎双眼，叹曰：穿裤子的境界，我们真比不了！	"裤子,裤子笑话"	裤子笑话
招牌	招牌是指挂在商店门前作为标志的牌子，主要用来指示店铺的名称和记号，可称为店标，可有竖招、横招或是在门前牌坊上横题字号，或在屋檐下悬置巨匾，或将字横向镶于建筑物上有好多店主为了吸引眼球，吸引人群特意弄了好多搞怪的，谐音的牌子来倒入客流量。例如：有口皆杯（碑）酒类广告，一步到胃（位）胃药广告	"招牌,牌子,店标,广告牌"	牌子_店标
游戏	当前日常用语中的“游戏”多指各种平台上的电子游戏。人们沉浸在游戏世界里的同时，也不断被游戏玩着。然而那些游戏大神们却能玩游戏，在玩中寻找游戏的亮点，并对游戏进行各种吐槽，享受着游戏所带来的快乐。亲，千万别做游戏里的坑，否则你就会被游戏玩。	"游戏,电子游戏,手机游戏,小游戏"	电子游戏_手机游戏_小游戏
逆天	逆天就是逆转了天意，超出了正常的范畴。棒子逆天的整容术，好励志！司机们的技术真是越来越逆天了！公交地铁上的牛人真是逆天了！喵星人、汪星人一直走在逆天的前沿，超市大妈的作品早已经逆天了，愚人节损友们的整蛊技术已经逆天了，不可思议，这年头连蔬菜水果都要逆天了！	"逆天,逆天了"	逆天了
何弃疗	“为何放弃治疗”是在网络广为流传的话，简称“何弃疗”。大多数人用来调侃周围的朋友奇怪搞笑的行为。人类已经不能阻止那些自嗨的二货青年了，何弃疗啊！看到街上那么多敢穿的“潮人”不禁感叹，药不能停！何弃疗啊！	"何弃疗,药不能停"	为何放弃治疗_药不能停
洗澡	洗澡能让人消除疲劳、改善睡眠，精神百倍。那些喜欢在洗澡堂自拍的人们，你们考虑一下别人的感受好吗？！男人洗澡和女人洗澡的区别太大了！每次洗完澡，都会感慨一句“又他妈胖了”和人类不同，喵星人不喜欢洗澡，每次洗澡都要使用各种计策，养猫容易洗澡难啊。	洗澡	
凌乱	凌乱指杂乱无章，网络形容让人无语事和物。早上啃个糯米鸡，一小萝莉看到，拉拉她妈的衣角说:“妈妈我也要吃。”她妈看了一下说:“那是臭狗屎，不好吃。”然后就抱着萝莉走了，留下被恶心到的我风中凌乱。我吃个糯米鸡招谁惹谁了？彻底凌乱了。	"凌乱,风中凌乱,凌乱了"	风中凌乱_凌乱了
雕塑	生活中有些或夸张、或雷人的雕塑，时时能戳中你的笑点，让人不禁感叹“雕塑而已，要不要这么写实”有的时候雕塑本身并不搞笑，通过牛人的恶搞，才让人捧腹大笑。这可能的雕塑的设计者也没有想到的事情吧。有趣的雕塑前到处都是放弃治疗的人们。和雕塑玩，也是一种乐趣呢。	"雕塑,雕像,搞笑雕塑,恶搞雕塑"	雕像_搞笑雕塑
机智	机智，指聪明灵活；能随机应变。惯偷减肥41公斤致警方难以辨认，机智的小偷伤不起啊！酒驾司机撞车后躲进龙虾店装厨师，要不要这么机智？和女神开房，为了给女神留下阔绰的印象机智的屌丝开了两间房…你这么机智，活该单身一辈子！	"机智,机智少年,机智屌丝"	机智少年_机智屌丝
爱情	何为爱情，这是被许多人所提到过的。古时已有“问世间情为何物，直教人生死相许”的爱情名言。如果说古人对待爱情是羞涩的，如今的人们却用着各种奇葩的方式大秀自己的爱情。这让屌丝们情何以堪，纷纷拿起自己的右手反击，并诅咒他们的爱情早日结束。	"爱情,恋爱,感情,情感"	恋爱_感情_情感
超市	超市不仅是一个便捷购物的场所，更是一个笑料百出的地方。超市里有一个神一样的人物，他们的名字叫做“超市大妈”超市大妈总是能化腐朽为神奇。普通的卫生纸到了超市大妈手中就变成了华丽的婚纱。每一次逛超市，都能发现超市大妈的最新力作。有才的超市大妈真给你们跪了！	"超市,超级市场"	超级市场_超市大妈
兔子	兔子又叫蹦星人，好养活爱吃青菜和萝卜，不论吃东西时还是熟睡时的兔子都太可爱了，对萌萌的兔子君真是毫无抵抗力，就连生气打架时的兔子都是蠢萌蠢萌的，兔子可能是和“温柔”这个词最配的动物吧。除了长耳朵小短腿，兔子家族还有毛茸茸的“草泥兔”和长腿的北极兔呢，他们也算是兔族中的奇葩了吧。	"兔子,家兔,野兔,蹦星人"	家兔_野兔
高大上	高大上，2013年开始流行的一句网络用语，全称：高端大气上档次，形容事物有品味，有档次，偶尔也做反讽使用。如何高大上的和女神搭讪？如何表达高大上的鄙视？寂寞也是可以高大上的，上课睡觉也能找个高大上的理由，小伙伴们快学起来吧，事实证明，一切都能变得高端大气上档次，低调奢华有内涵。	"高大上,高端大气"	高端大气
模仿	不得不佩服牛人的模仿力，动作甚至表情都能做到惟妙惟肖，简直是逆天了。专业的模仿者被称作coser，通常是对一些动漫人物的模仿和还原。有时候模仿并不是刻意的，比如动物和人类行为、表情的神相似，却充满了各种笑果。最逗比的还是那些让人哭笑不得的模仿，简直是令人发指啊！	"模仿,仿照,cos,模仿秀"	仿照_cos
胖子	瘦子永远不懂胖子的忧伤，胖子已经成为懒散和笨重的代名词，灵活的胖子还是少数，大家都认为胖子是没前途的，其实，胖子都是潜力股，如果你拒绝了一个胖子，那么等他瘦下来你绝对会后悔的！胖子睡觉连枕头都可以省了，坐坏椅子更是常事，真是伤不起啊！提醒胖子们一句，夏天快到了！	"胖子,死胖子"	死胖子
麻麻	麻麻，网络词语，妈妈的谐音。小朋友，别玩了，你麻麻叫你回家吃饭了！摊上个二货麻麻真的伤不起。你们的孩子是充话费送的吧？小时候，麻麻告诉我，小姑娘坐下一定要把裙子压在屁股底下，不然不文雅。有一天我上厕所，然后……就没有然后了……	"麻麻,麻麻是什么意思,麻麻再打我一次,粑粑麻麻"	麻麻是什么意思_麻麻再打我一次_粑粑麻麻
医生	医生，古代称大夫或郎中。医生对一位即将开刀的病人说：“这是手术告知书，这个手术有些风险，要是失败了，会造成你右半身麻痹。”病人用手摸了摸命根子。医生：“你干嘛?”病人：“我先把它移到左边。”面对这么机智的病人医生都惊呆了。	"医生,郝医生,医生笑话"	郝医生_医生笑话
名字	名字也称为姓名，指公民的姓氏和名字，为名和字的合称，是一个人的代号.全国第六次人口普查最爆笑的人名：刘产、赖月京（还是个男的）、范剑、范统、夏建仁、秦寿生（亏他父母想得出）庞光、魏生津、矫厚根、沈京兵、杜子腾。排名第一的：史珍香。“李爽夫”，我觉得这是一个很贤惠的名字。	"名字,姓名,名称,称呼"	姓名_名称_称呼
节奏	据说澳大利亚悉尼准备引进广场舞，这是作死的节奏啊！神都无法阻止那些高空摄影爱好者，这是逆天的节奏啊！我：咋了？他：我女朋友叫我买验孕棒。我：这事挺严重啊。他：是严重啊！老子还没碰过她呢！这是喜当爹的节奏吧？	"节奏,的节奏,作死的节奏,节奏笑话"	的节奏_作死的节奏_节奏笑话
发型	发型是指头发的形状，常见的发型有沙宣头、学生头，直发，还有伟大的齐刘海等。发型是构成仪容的重要部分，恰当的发型会使人充满朝气。当然，前提是“恰当”。有一个神一样的组合叫做HKT，三位越南少年梳着冲天发型，被网友呼为“洗剪吹三人组”。这三位杀马特的越南哥们的出现，彻底发型这个概念。	"发型,头型,长发,短发"	头型_长发
朋友	有一种朋友，喜欢胡闹爱搞怪、有点牺牲小我猥琐大家；有一种朋友，想法设法让你受尽折磨、陷入尴尬；有一种朋友，常常会对你诚实、忠义而超越了“基友”的境界。来笑话博览吧，一起来寻找你的朋友，一起来分享无节操的欢笑吧！	"朋友,好友,损友,死党"	好友_损友
减肥	减肥属于以减少人体过度的脂肪、体重为目的的行为方式。某女减肥，本来说好晚上不吃饭，后来勉强自己买了一包苏打饼干，吃完又觉得太干，又下去下了碗方便面，又太咸，又买了一瓶红茶。想到今天要减肥，准备下去买包酸奶喝喝。知道这菇凉为什么减不下来吗？空有一颗减肥的心，偏偏生了一条吃货的命。	减肥	
情侣	情侣指在恋爱中的男女。单身最恨的就是秀恩爱的情侣。什么情侣装、情侣戒指、什么都要是情侣的!看着前面手牵着手的高中生小情侣，不仅想起了当年的自己……当年我也是这样，放学后走在路上……看着前面手牵着手的小情侣。说多了都是泪啊！	情侣，情侣装，情侣头像，情侣秀恩爱	情侣装_情侣头像_情侣秀恩爱
作死	不作死就不会死！有些人偏偏不知轻重，自寻死路，这不是作死么！常人看来危险的东西，正是牛人们喜欢挑战的，挑战成功叫做碉堡，挑战失败就叫做“作死”了。高空跳落，马路逆行，牛人作死的花样还真多！真是一天不做死就皮痒啊！敢于作死的多数都是男性，终于知道男性寿命为什么比女性短了！	"不作死就不会死,作死是什么意思,作死的节奏,无限作死"	不作死就不会死_作死是什么意思
室友	室友是大学中最亲密无间的人。二货室友欢乐多。奇葩室友毁三观。恶搞室友，发室友丑爆的照片，销魂的睡姿是一件特别有趣的事！有一种室友情叫“走，一起去食堂”半夜热醒，下床随手给室友盖上被子深藏功与名，真是中国好室友啊……	"室友,中国好室友"	中国好室友
山寨	“山寨”一词源于广东话。是一种由民间力量发起的产业现象。山寨的主要表现为仿造性、快速化、平民化。主要表现形式为通过小作坊起步，快速模仿成名品牌，涉及手机、数码产品、游戏机等不同领域。这种文化的另一方面则是善打擦边球，经常行走在行业政策的边缘，引起争议。	"山寨,抄袭,克隆,仿制"	抄袭_克隆_仿制
神吐槽	吐槽是什么意思？最接近的词是“抬扛”、“掀老底”、“拆台”。神吐槽就是相当牛的吐槽、给力的吐槽，是吐槽的更高级。无论看到什么新鲜事，不吐槽下都不能表达你的个性了。来上一两句神吐槽，更是向周围的朋友显摆自己智商的好机会。而对于那些无力吐槽的事情，那只好呵呵了。	"神吐槽,吐槽是什么意思,每日吐槽,无力吐槽"	吐槽_吐槽123
神马	“神马”并非一匹马，而是“什么啊”的意思。提到“神马”就想到“浮云”，而“神马”和“浮云”的神奇之处，则是当这两个词结合在了一起之后便可组成万能金句，即推之四海而风靡。当遇到忧愁的事情的时候，要抱着神马都是浮云的态度，来笑话博览这里找找乐子。	"神马,什么,神马都是浮云,虾米"	什么_神马都是浮云
宿舍	企业、学校等供职工、学员等住宿的房屋，宿舍通常存在这么几种人：飞机男：此类屌丝沉迷于AV世界，每晚十二点必打开迅雷至少下载20G的小电影。学习男：奖学金都是他们的！睡得早起得早。此类男晚上十点之前必睡觉，早上六点就会被他的闹钟给吵醒。约炮男：微信、陌陌、非诚勿扰、遇见之类的必不可少。	"宿舍,寝室,大学宿舍,女生宿舍"	寝室_大学宿舍
萌宠	宠物作为人类的好友，他们的一生都在陪伴着我们。它们之中萌宠更是受到人们的喜爱，萌宠的萌属性更是能给人带来快乐，舒缓人们的压力。萌宠有时候犯起二来更是能给人带来无尽的欢笑。那真可谓是家有萌宠一只如有一宝啊！尤其是笑话博览为大家推荐的萌宠，萌属性特别强大。亲，小心被萌到无法自拔啊！	"萌宠,宠物,萌猫,萌宠图"	宠物_萌猫
苹果	当有“世界四大水果之王”的苹果被乔布斯赋予科技的外衣后，苹果不仅是时尚的象征，也是高富帅征服白富美的特殊武器，更是屌丝们必备的装逼神器。更有传说，苹果的出现一举解决了世界性的医疗难题，从此彻底扭转肾脏短缺的局面。至此，乔布斯已不在江湖，江湖中只留下苹果的传说。	"苹果,苹果手机"	苹果手机
无聊	无聊的时候你会做些什么？是发呆还是找些不无聊的事情去做呢？心理学家发现无聊可能是个“折寿”的因素。亲，想不想不无聊多活几年，那你一定要来笑话博览了。这里为你提供了一些无聊的人做的一些爆笑的事情，肯定会让你摆脱无聊的状态，增加你的寿命。	"无聊,无趣,没意思,没劲儿"	无趣_没意思
二逼	二逼，网络用语原来形容一个人很笨的粗话。现在朋友之间多用来调侃。二逼青年欢乐多，和二逼在一起简直笑的停不下来，遇上二逼父母伤不起，孩子都快被你玩坏了！如果一个二逼青年跟你讲他会功夫，你可千万别信！帅哥美女们有时也会开启二逼模式，每一只二逼宠物的背后肯定有一个二逼主人！	"二逼,二逼青年,二逼室友,二逼主人"	二逼青年_二逼室友_二逼主人
警察	当维持公共安全、保障人民财产的警察也走搞笑路线的时候，各种雷人的一幕真让你开怀大笑：伊拉克警察告诉你啥叫“超级模仿秀”；俄罗斯警察向你展示保龄球的最新玩法；法国警察教你什么是“性感”；非洲警察吐血哭诉“反光背心”对他们多重要......	警察	
英语	学过英语的你可能不知道世界上60%的信件是用英语写的，50%以上的报纸杂志是英语的，但你一定见过生活中的那些搞笑的英语。考试时“三短一长选最长，长短平均选AC”的秘籍；面试时，老外大眼瞪小眼的听着你那中国式英语；工作后，秀出你那雷人的英语翻译。当你发觉英语也有搞笑的一面时，就找到乐趣了！	英语	
尴尬	生活中，难免会出现一些尴尬的情景让你笑到泪奔。走在大街上捡到百元大钞，然后尴尬的发现是“儿童银行”发行的；偷偷摸摸晒个日光浴，遇到和熊孩子拿树枝捅屁股；好不容易和情人跳个舞，白色高跟鞋被踩成黑色；摊上这些事真是尴尬！	尴尬	尴尬照片_尴尬走光
吊炸天	吊炸天，网络流行词，意为屌爆了。全称：狂拽炫酷吊炸天，常用来形容某个人在某方面很厉害或者某件事令人惊讶。再也不能相信网络男神女神了，他们的PS技术吊炸天啊！奇葩的印度电影绝对是吊炸天的典范。不得不说现在的熊孩子们都吊炸天了，更多吊炸天的笑话尽在笑话博览。	"吊炸天,屌炸天,屌爆了"	屌炸天_屌爆了
土豪	2013年，“土豪”一夜之间蹿红各大微博，成为屌丝、女神的心中爱宠，并引发了全球媒体的持续关注。当土豪们穿着亮光闪闪的土豪金，开着奢侈霸气的土豪汽车，用着时尚装逼的iPad向大家炫耀自己的牛逼时，一句“土豪，我们做朋友吧”成为无数小笑话博览们心中最大的梦想！	"土豪,土豪金"	土豪金_土豪装备_土豪村
弱爆了	"弱爆了，网络用语意思是太弱了，弱得太离谱了。看到牛人的杰作瞬间感觉其他都弱爆了。切糕什么的都弱爆了，茶叶蛋才是炫富的最高境界啊！一般的秀恩爱都弱爆了,把女朋友喂肥,真的是沉默之中大秀恩爱!现在跪方便面弱爆了，我老婆叫我跪蚂蚁，不许跪死了，不许跪跑了，跪跑了……"	"弱爆了,简直弱爆了,弱爆了表情"	简直弱爆了_弱爆了表情
小伙伴	小伙伴大多是指儿时的朋友，网络中泛指朋友。接幼儿园的侄子放学回家，路上，他和他一小伙伴走在前面。我听到侄子对他的小伙伴说：“大班里那种老女人都是半截身子埋土里的人了，你和她们都是没结果的。”我和我的小伙伴都惊呆了！	"小伙伴,我和我的小伙伴都惊呆了,机智的小伙伴,调皮的小伙伴"	我和我的小伙伴都惊呆了_机智的小伙伴_调皮的小伙伴
单身	单身俗称“光棍儿”就是没有男朋友/女朋友的苦逼青年。秀恩爱者根本不懂单身屌丝的痛。为什么会单身？有人说因为穷，有人说因为不浪漫，不要骗自己了，拿出镜子照一照吧，都是因为丑啊！有钱人才能叫单身，你那叫单身吗？你那叫光棍！	"单身,单身屌丝,单身青年"	单身屌丝_单身青年
网络	指网上流行的段子，笑话之类的一种文化。例如美国海关：先生，我们遗憾的通知您，我们不得不拒绝您入境。您从北京来，行李里连个口罩都没有，我们有理由怀疑您没打算回去。天底下最能征服我的眼神就是他了！	"网络,互联网,上网,网页"	互联网_上网
植物	大自然的植物真是千奇百怪，有的植物天生就会卖萌，有的长着类似人类的脸，还有的让人不禁有些邪恶，外形如此奇葩，植物们真的是要成精了！石缝中的小草，还有能冲进屋子的大树。不得不佩服植物顽强的生命力！碉堡逆天的植物们，大自然的鬼斧神工真是令人惊叹啊！	"植物,绿色植物,植物界,蔬菜"	绿色植物_植物界
帅哥	古代人认为，身长八尺有余，而形貌昳丽，为人洁白晰，鬓鬓颇有须，就是帅哥，笑话博览的帅哥最重要的一点就是幽默！君不闻，笑话博览美女选男友不重样貌，宁要幽默猥琐男不要无趣帅哥？最重要的是，在这个人妖横行的年代，你就能确定前面这个惹火的帅哥是男神吗？	"帅哥,帅哥笑话"	帅哥笑话
惊呆	惊呆指收到了惊吓，一下呆住了。买了个面包，一看日期，2月31日，当时我就惊呆了！朋友看上件T恤，标价799元，＂老板，80卖不卖？＂老板为难了一会忍痛割爱了当我朋友掏出100递过去时，老板豪爽的说：“兄弟，我现在正好没零钱找你，要不你再挑一件吧！”尼玛啊！我和我的小伙伴都惊呆了！	惊呆_我和我的小伙伴都惊呆了_当时我就惊呆了	我和我的小伙伴都惊呆了_当时我就惊呆了
老婆	通用名：老婆！化学名称：已婚女性！成分：水、蛋白质、脂肪。理化性质：酸性；可分为一价（嫁）、二价（嫁）……性状：表面光洁，涂有各种化妆品、对钻石、铂金有强烈的亲和力；羞涩时泛红，生气时泛绿，随时间推移表面会出现黄斑，起皱，但不影响继续使用。副作用：气管炎、耳根软。严重不良反应者，可致皮肉损伤。	"老婆,妻子,媳妇,夫人"	妻子_媳妇_夫人
你家人知道吗	虽然找不到明确的出处，但是“你在XX这么屌”你家人知道吗？”绝对是2013网络热词之一！通常用于感叹那些碉堡的牛人趣事。骚年，你在学校这么屌，你家人知道吗？大爷，你这么调皮，你家人知道么？熊孩子，你睡姿这么屌，你家人知道么？狗狗你在外面这么屌？你主人知道么？少年，你这么会抢镜，你家人知道吗？	"你家人知道吗,你爸妈知道吗,你父母知道吗,你亲人知道吗"	你爸妈知道吗_你父母知道吗_你亲人知道吗
食堂	大学食堂绝对是个笑料倍出的地方，在这里你能看到打饭大叔抓馒头时的“擒拿手”；刷卡的阿姨手快得像“幽冥鬼爪”；插队哥们施展“瞬间转移大法”；江湖各路武林神功尽在大学食堂中亮相。至此，你才会领悟一句江湖名言：有食堂的地方，就会有江湖。	食堂_学校食堂	学校食堂
过年	有钱没钱，回家过年。过年是中国的传统习俗。小孩盼过年，因为有红包拿，年轻人怕过年，因为要给红包还有各种亲戚的关心：“工作待遇怎么样啊？”“找女朋友了吗？”“准备啥时候买房啊？”大龄剩男剩女忙着过年相亲，这年头过年瘦的最快的当然是我们的钱包了。	"过年,过年图片,过年习俗,租女友过年"	过年图片_过年习俗_租女友过年
电脑	电脑，学名计算机，是一种用于高速计算的电子计算机器。现在的大学生人手一台电脑，这是我室友的电脑，他是个猥琐宅男，可是我不明白，右边角落里的一坨卫生纸是什么意思，是他感冒了吗，看卫生纸的数量，他感冒挺严重的。	"电脑,计算机,笔记本,掌上电脑"	计算机_笔记本_掌上电脑
闺蜜	闺蜜即“闺中密友”是现代女性对女友的新称呼。就算全世界的男人抛弃你了，还有闺蜜来拥抱你。妹纸和闺蜜之间的对话真是节操无下限。闺蜜只能留给自己来虐。闺蜜之间的合照香艳又奇葩。“男闺蜜”即蓝颜知己。防火防盗防闺蜜啊！	"闺蜜,闺蜜装,男闺蜜"	闺蜜照_闺蜜装_男闺蜜
调皮	调皮就是爱玩爱闹，不听劝导。常用来形容小孩子。不过在网络世界里，调皮的可不止是熊孩子。人类都无法阻止调皮的超市大妈了。字幕君调皮起来又邪恶了。调皮的淘宝卖家总是那么有才。“全部乱卖，老板娘除外”老板你这么调皮，老板娘知道么？	"调皮,调皮孩子_调皮老板"	调皮孩子_调皮老板
淘宝	淘宝网是亚太地区较大的网络零售商圈，由阿里巴巴集团在2003年5月10日投资创立。淘宝的老大是筋骨奇特，长相另类的“外星人”马云先森。淘宝网现在业务跨越C2C（个人对个人）、B2C（商家对个人）两大部分。淘宝还创新了独特的淘宝体，典型的如：亲，包邮哦，记得好评哦。还有让人为之疯狂的双十一，光棍节。	"淘宝,天猫,淘宝网,网上购物"	天猫_淘宝网
地铁	地下铁道：简称地铁。挤地铁是每个上班族必须练就的技能，所以有了下面的感受：地铁挤，不把你挤怀孕，也把你挤流产。挤地铁，挤得浑身是汗，挤得满地硅胶。人流分两种，一种是在妇科医院做的，无痛；一种是在广州地铁坐的，很痛。世界上最遥远的距离不是生与死，而是我在地铁上你却没有挤上来。	"地铁,地下铁,轨道交通,城铁"	地下铁_轨道交通
萝莉	萝莉原是小说中12岁女孩洛丽塔的缩写。后来日本引申发展出萝莉文化，用来指15岁以下甜美可爱的小女孩。小萝莉的一个眼神就能把人萌化了。萝莉们都拥有娇小的身材，萝莉们的共同特征就是“萌”怪不得有那么多的萝莉控。不论低龄萝莉，还是成熟萝莉都是年轻，可爱的象征。	"萝莉,小萝莉,萝莉控,可爱萝莉"	小萝莉_萝莉控_可爱萝莉
快递	自从有了网购，快递小哥就成为了我们日盼夜盼的那个人。神一样的快递小哥们一辆车一个人却能随时开挂。只是通知快递送货，短信不要那么卖萌好么？看到快递小哥的座驾上写着“武装押运，请勿靠近”瞬间我就惊呆了，快递小哥们，你们要不要这么屌？	"快递,快递大哥,快递短信"	快递大哥_快递短信
微博	微博就是微型博客的简称即一句话博客。用微博就能一句话记录生活分享新鲜事儿，微博迅速成为网络社交的大热。有了微博就能和自己的偶像、朋友进行最快最真实的交流。每天早上打开微博看看国内外大事，就有了一种皇帝批阅奏折的赶脚！	微博	
银行	自从和银行打交道的次数就多了才知道，原来银行里也是欢乐多：银行门口有专业丐帮保镖为你站岗，里面有奇葩名字的漂亮MM为你办公，并向你介绍最新推出的“3P”业务......作为小清新的你可真是又惊又喜。于是MM递来评分器说，那就给我评分吧。可当我看到评分器后，当时就雷倒了......	"银行,银行笑话"	银行笑话
同桌	同桌是学生时代“最亲近”的小伙伴。整蛊同桌是一项非常有趣的事情。高中同桌爱放屁，还巨响。然后咱就教了他个好法子说：“你就拍掌掩饰下。”有一次他上课突然用力拍下巴掌，全班人都转头看他，然后同桌放了个响屁……	"同桌,极品同桌,同桌笑话"	极品同桌_同桌笑话
损友	每个人都有那么一群捣蛋的损友。损友无处不在，和损友在一起千万得留神！损友喜欢做恶作剧，总是在你不注意的时候整蛊你。在你睡着的时候，在你脸上乱画。在你喝醉的时候使用各种招数丧心病狂的恶搞你，还会在网上公布你的糗照。损友们的节操可是没有下限的，所以千万不要在损友面前熟睡或者醉酒！	"损友,最佳损友,二货损友"	最佳损友_二货损友
基情四射	基情四射就是很基情，指男人之间超友谊的感情，腐女们都懂的。基情四射的画面经常出现在宿舍里，正所谓好基友一辈（被）子！比赛中也少不了基情四射的画面，你们那么基情让观众怎么专心看比赛！游戏、电视中充满了基情，就连《西游记是一部基情四射的著作？好凌乱，真是一个基情四射的年代！	"基情四射,基情"	基情
世界杯	世界杯是足球界的顶级赛事。每年都有成千上万的球迷为之疯狂，熬夜看世界杯。我做人力资源顾问，见一简历，背景不错，比较奇怪的是，每4年会辞职休假两个月，今年七月份的时候打电话给他聊一个职位，他说过两个月再说，原因很简单，每四年都有世界杯，要辞职安心看。这绝对是世界杯的铁杆球迷！	"世界杯,足球世界杯,2014巴西世界杯,世界杯笑话"	足球世界杯_2014巴西世界杯_世界杯笑话
分手	不以分手为目的的吵架都是秀恩爱！分手后你就会发现，其实当初的那些誓言，狗屁都不是，没失恋，你永远不知道自己当初有多贱。我跟女朋友分手那天她问我：“你跟你同事说我们分手了吗？”我告诉她他们知道了，这货激动的说：“以后他们打麻将都不会叫我了！	"分手,分手笑话"	分手笑话
小偷	出门在外一定要小心一类人，他们就是—小偷。小偷的胆子越来越大，常令人防不胜防。警察抓住一小偷，在其家发现大量时装杂志。警察不解地问：“你还做服装生意？”小偷不好意思地说：“主要看看新款，口袋在哪里。”术业有专攻啊，小偷们逆天了！	"小偷,美女小偷,最牛小偷"	美女小偷_最牛小偷
违和感	违和感是看上不去不和谐不协调的意思。在看到牛人的神作时，网络中常会用“毫无违和感”来形容。PS过的照片一眼看上去竟然毫无违和感。民间高手的神cos也是毫无违和感。第一眼都会看错的错觉图真是太有才了，毫无违和感！	"违和感,违和,毫无违和感,违和感笑话"	违和_毫无违和感_违和感笑话
电影	电影是一种声光电的影视艺术，分为悲剧，喜剧等，但是比电影本身更可乐的是剧情里的穿帮镜头。例如：古装剧里出现空调了，皇帝蜀黍手腕上戴着名牌手表啦，宫女们没事玩手机了，这个镜头主人公和别人打架，打的鼻青脸肿，满脸鲜血了，下个镜头像是做了SPA一样，神清气爽，满面春风，英姿飒爽的登场了。	"电影,影片,电影院,映画"	影片_电影院
宝贝	宝贝，用现在最流行的词语，可以称之为：萌娃。在日本动漫中，萌字代表纯真、美好，天真无邪到了一定程度，不食烟火的美感。也代表刚刚生出的不夹带其余杂质美好的感情，包括喜爱，欣赏等。萌娃就是表示展示自己可爱或者憨囧的小宝贝。所有的小孩都是纯真、美好的，因此有很多妈妈把可爱的宝贝称作萌娃。	"宝贝,萌娃,小宝贝,baby"	萌娃_小宝贝
女神	"女神原指女性神明。网络意为男人心中完美无瑕的女子。在女神面前，男人很容易变得猥琐。如何和女神表白最浪漫？呵呵，作为一名屌丝，永远不要相信女神会对你微笑！优雅的女神有时也会变成“女神经”外表光鲜亮丽的女神在家竟然是个邋遢糟糕的女屌丝,看到女神卸妆后的样子，彻底心碎了…"	"女神,性感女神,屌丝女神,优质女性"	性感女神_屌丝女神
网吧	网吧是个奇葩出没的地方，网吧里的睡姿千姿百态，网瘾大的学生党们为了去网吧找尽了各种理由。昨晚去网吧上网，刚坐下就闻到一种酸臭酸臭的味道。我的第一反应就是有人脱鞋了，不满的嘀咕了几句。刚要走，发现网管给每台机子发了一个信息，话是这样说的：“大哥你把鞋穿上我多给你加一个小时！”	"网吧,网吧睡姿,开网吧,网吧通宵"	网吧睡姿_开网吧_网吧通宵
猴子	猴子是灵长目动物的俗称。灵长目是动物界最高等的种群群，猴子一般大脑发达，眼眶朝向前方，眶间距窄，手和脚的趾分开，大拇指灵活，多数能与其他趾对握。包括原猴亚目和猿猴亚目。《西游记》孙悟空孙悟空，孙悟空生性聪明、活泼、忠诚、嫉恶如仇，在东亚汉语圈文化中已经成为机智与勇敢的化身。	"猴子,灵长类,猴子图片,美猴王"	灵长类_猴子图片_美猴王
女友	女友指的是交往的情侣中女性的一方。古中文并没有“女友”这个名称，“女友”是近代从英文“girlfriend”（网络上常简写作Gf）翻译而来。女友还有个词叫做“马子”，这个词最早出于香港，我的马子即是我的女朋友，去泡马子，就是去泡妞，去泡女朋友。马子是“马”和“子”组成，马是用来骑的，我想你们都懂了……	"女友,女朋友,伊人,马子"	女朋友_伊人
老人	老人意为老年人。家有一老，如有一宝。老人能给家庭带来更多的温馨和欢笑。一人向路边倒车，看到旁边站着一位老人就说：“大爷，要撞上了麻烦您告诉我一声。”老人：“好的，倒倒倒。”咣的一声巨响。老人：“好了，好了，撞上了。”老人家你要不要这么实在啊！	"老人,老人家,老人摔倒,老人让座"	老人家_老人摔倒_老人让座
童年	不同年代的人有不同的童年记忆。童年没有电脑，通信、网络不发达却依旧难忘，跳皮筋、烤红薯、捉鱼满满的都是童年的回忆，四年级的时候学了一篇蚂蚁可以治病的文章。我不会告诉你下课后几个人围住一个蚂蚁窝，见蚂蚁出来就抢着吃。二货的童年伤不起阿。	"童年,童年记忆,童年回忆,童年笑话"	童年记忆_童年回忆_童年笑话
父母	父母是孩子的第一任老师，摊上奇葩的父母真是伤不起。我父母结婚这么多年了，还总是互相黑对方。这不那天，我妈对我爸说：“你看看你儿子长那逼样。”我爸当时就不满意了，冷笑说：“呵呵，你儿子也好不到那儿，跟个猴儿一样。”爸妈，我真的是亲生的吗？	"父母,可怜天下父母心,父母笑话"	可怜天下父母心_父母笑话
微信	微信是腾讯推出的手机聊天软件。因为方便快捷易沟通等特点受到广大网友的欢迎。和微信“摇一摇”上的女神见面后我哭了，微信微信，顾名思义只能微微相信。多么痛的领悟。很多男生为了省短信费，教女朋友使用微信，我想说为了那点钱真不值得让女朋友学会用微信。你懂的！	"微信,微信朋友圈,微信摇一摇"	微信朋友圈_微信摇一摇
医疗	每人都会有生老病死，所以医疗会伴随你一生。在这有限的生命里，医疗行业总会用无限的幽默笑话让你忘却病苦。当护士妹妹为你亲口喂药；当主治医生给你铁锤拔牙；当那个叫“欧阳锋”的院长亲自接你入院；总会有个医疗的笑话让你用一生去回味。	"医疗,医院,医生,护士"	医院_医生_护士
表白	表白指表达爱意，又称示爱。表白需要技巧，表白更需要勇气，昨天向女神表白，惨遭拒绝，当女神转身离去那一刻，我淡淡道：“我是卖茶叶蛋的。”顿时女神投来温柔的目光：“亲爱的，你咋不早说！”表白新技能！	"表白,表白方式,表白技巧,爱的表白"	表白方式_表白技巧_爱的表白
神奇	大自然的鬼斧神工真是太神奇了，石缝中也能结出美丽的花朵，大树也能长出人形，冰雪瀑布、冰雪城堡，童话般的神奇世界真是太美了。神奇的魔术让人百思不得其解。当初的胖子同学如今变成了男神女神，减肥真是好神奇好励志啊！	"神妙,神奇,奇特,奇妙"	神妙_奇特
抢镜	有一种炫耀叫拍照，有一种不服叫抢镜！在笑话博览中，再牛的人也会遭遇被抢镜的危险：哪怕你是身材劲爆的美女；哪怕你是权倾朝野的高官；哪怕你是知识渊博的专家；哪怕你是亲密无间的情侣。高手抢镜总是出手于无形之间，轻轻的一个表情毁掉你的照片，随意的一个动作让别人笑到泪奔。这才是抢镜的最高境界。	"抢镜,抢镜党"	抢镜党
涨姿势	涨姿势，网络用语。是长知识的谐音，意喻让人长见识了，开眼界了。夫妻床事的动作在网络上被网友戏称为姿势。还没啪啪过的少年表示太长姿势了！看明星记成语，图文并茂学语文，真涨姿势啊！笑话博览每日涨姿势，如何文绉绉的骂人，进来涨涨姿势吧！	"涨姿势,每日涨姿势,分分钟涨姿势"	每日涨姿势_分分钟涨姿势
蛇精病	蛇精病：网络语言，意思为“神经病”，类似词还有“深井冰”。蛇精病的世界普通人真的不懂。二逼青年欢乐多，蛇精病的自拍方式太炫酷了。宠物们犯起蛇精病简直是卖萌，蛇精病的主人们总是把宠物打扮成千奇百怪的样子。奉劝那些蛇精病们，万不要放弃治疗！	"蛇精病,神经病,深井冰,二逼,何弃疗"	神经病_深井冰
寂寞	过了青春的骚年为什么还是满脸痘痘？都是寂寞惹的祸啊！寂寞的妹子伤不起，你们的节操去哪了？一个人的寂寞你懂吗？喂电视中的女神吃饭这种饥渴的事也只有寂寞的宅男做的出来。和牛人比寂寞，我们都输了。看看那些大师级的作品，突然发现寂寞的最高境界就是创意啊！	"寂寞,寂寞宅男,寂寞少女"	寂寞宅男_寂寞高手_寂寞少女
班主任	班主任是学校中全面负责班级学生的思想、学习和生活的教师。班主任是和学生接触最多的老师。请假要找班主任，犯了错误班主任会让请家长。一小孩给了我一百块钱，让我给他当家长。到了他班主任那里，我立马就跪下来了：“老婆，你听我解释……”	"班主任,高三班主任,班主任笑话"	高三班主任_班主任笑话
疯狂	疯狂的牛人伤不起，他们能把汽车开上房顶，把摩托车开到空中，不做死就不会死，你们这么疯狂，警察叔叔知道么？疯狂的人自拍起来都不要命，真是不见棺材不掉泪啊，喝醉的人疯狂起来太吓人了。疯狂的咸猪手防不胜防，女汉子疯狂起来节操都碎了一地。	疯狂	
小明	"小明是谁？郭敬明？黄晓明？小明是常出现于小学作文、英语、数学题。小明也是冷笑话中的主角。小明在一次车祸中失去了一条腿,又一次车祸中小明失去了他的另一条腿,一次车祸中小明又失去了他的一条腿,不用担心，其实小明是一条狗。哈哈哈。"	"小明,小明是谁,小明冷笑话"	小明是谁_小明冷笑话
相亲	"听说大学里要是不谈恋爱的话,工作后就只能等着相亲,然后看个电影,再吃个饭就结婚了。相亲是中国的大龄单身青年最传统最快捷的寻找伴侣的方式。对于剩男剩女来说相亲就像一场战役。经历了几次失败的相亲后，我终于明白相亲这事儿原来得看脸。以后我再也不只盯着对方胸部看了。"	"相亲,相亲网,相亲节目,相亲男女"	相亲网_相亲节目_相亲男女
次奥	次奥，网络词语。是脏话“草”的谐音。遇到让人生气的事情，就会说：次奥。以前看电视偶像剧搭讪：“嘿，你好，请问这里怎么走？”或者“美女，这是你掉的吗？”我和二逼媳妇第一次见面是在夜市：“哎，哥，他家臭豆腐好吃不！”次奥！	"次奥,次奥是什么意思,次奥笑话"	次奥是什么意思_次奥笑话
新技能	新技能get就是知道、懂得、学会了的意思。当有人对你说：“为什么放弃治疗”该怎么反驳？为了把床位让给你。新技能你学会了吗！整人新技能、把妹新技能、表白新技能、睡觉新技能、学渣新技能笑话博览每日新技能get真涨姿势啊！	"新技能,新技能get"	新技能get
呵呵	呵呵本是笑声的拟声词。现在互联网中，呵呵类似于敷衍的态度，有骂人的意思。聊天止于呵呵。呵呵已当选网聊最伤人词汇。在去玩的路上看到一个中年人，我偷偷地拍了张照片发给男闺蜜说：你老了就长这样，真是不能再像了。他悠悠地说了句：那是我爸！呵呵这世界真小。	"呵呵,聊天止于呵呵,呵呵笑话"	聊天止于呵呵_呵呵笑话
鸡蛋	谁能想到一个个圆圆的小鸡蛋也能给大家带来这么多的欢乐！寥寥几笔勾画出鲜活的cosplay面孔，或变身亲密鸡蛋爱人，或变蛋壳身星战机器人，或变身可爱蛋壳比卡丘。在这里，总会有个鸡蛋，偷偷的把你逗笑！	鸡蛋	
境界	境界是指人的思想觉悟和精神修养，黑暗料理的最高境界就是煮个面就把房子烧着了。牛人玩自拍的境界，一般人真比不了。悲天悯人的最高境界就是，你从冰箱取出一颗特别大的鸡蛋，首先想到的不是占便宜了，而是心疼那只母鸡的屁眼儿。我现在就是这个境界。	"境界,人生境界,最高境界,境界笑话"	人生境界_最高境界_境界笑话
漫画	漫画有很多类型，讽刺漫画，幽默漫画，治愈漫画。漫画世界又被称为二次元世界。宅男宅女们常常沉浸在漫画世界而不能自拔。当他们想去拉粑粑的时候，就算憋的在难受，就算憋的在痛苦。也会四处乱窜，找漫画书，手机，游戏机....笑话博览原创漫画汇聚最搞笑的段子，等你来看哦！	"漫画,内涵漫画,邪恶漫画,少女漫画,治愈系漫画"	内涵漫画_邪恶漫画_少女漫画_治愈系漫画
游泳	别以为在泳池学游泳就很干净。游泳时候想要尿尿，我觉得游泳池这么多水，应该不至于被发现，于是就一边游泳一边愉快地尿了起来。整个过程我觉得非常自然，但还是被细心的管理员发现了。交完罚款后，好心的管理员告诉我：“游泳时候尿尿的现象其实还是挺普遍的，但是你以后记得不要采用仰泳的姿势。”	"游泳,学游泳,游泳的好处"	学游泳_游泳的好处
对比	有对比才会有差异。胖子都是潜力股，看明星减肥前后的对比照，当时我就惊呆了！当淘宝卖家展示遇到买家实物图，坑爹啊！对比太鲜明了。看完女神和女汉子的对比，高富帅和穷矮搓的对比，顿时感觉无力吐槽。	"对比,真假对比,美丑对比"	真假对比_美丑对比
基友	基友一般是指男同性恋之间的关系，基=GAY，“基”取“Gay”的第一个字母“G”的谐音。从搅基、搞基发展而来，即互为基友；基友还用于指好兄弟、哥们、死党、战友、竞技游戏上的队友、网友。基友也用于特别好的暧昧的朋友。可是，你让搞基金买卖的朋友情何以堪！	"基友,基友是什么意思,好基友"	基友是什么意思_好基友
短信	发短信是生活中最常用的联系方式。短信可以发送祝福，表达爱意，增进友情。经典幽默的短信，有纪念意义的短信让人舍不得删除。逗比之间的短信让人笑得停不下来。骗子的短信真坑爹。快递小哥的短信让人大呼有才。夫妻间的短信让人脸红。短信还能把妹？来学习一下新技能吧！	"短信,信息,简讯,搞笑短信"	信息_简讯
你懂的	“你懂的”，网络热词，从英文youknow翻译过来，乍一听来让人不清不楚的话却成了网友们彼此“心照不宣”的最佳表达。夏天快到了，胖子们你们懂的！屌丝右手为什么那么有力气，因为已经单身28年了，你懂的！考试前的复印店，学渣们你懂的！岁月是把杀猪刀，你懂的！	"你懂的,你懂得"	你懂得
cos	Cos是cosplay一词的简写，意为角色扮演。神级的cos总是表情到位无死角。失败的cos让人笑得停不下来。那些用生命在cos的牛人真是给跪了。热爱cos又没钱买道具怎么办？机智的骚年们创造了低成本的cos，居然也毫无违和感，喂，你们在cos的路上越走越远了好么？	"cos,低成本cos,神级cos"	低成本cos_神级cos
电梯	电梯这个小小的空间里充满了喜怒哀乐。有创意的电梯总能吸引眼球，神人设计的电梯，我们真的理解不了，电梯里无节操的广告让人不忍直视。坐电梯遇到2B青年可真伤不起！牛人下电梯的最快方式真是吊炸天！3D画地面的电梯碉堡了，要不要这么逼真？差点把人吓尿了。	电梯	
蛋糕	好看又好吃的蛋糕人人都爱。过生日最少不了的主角就是生日蛋糕。男友说：“昨晚参加老乡生日聚会，有个同学抓起桌上的奶油蛋糕就往我脸上扣，还好我反应及时，躲开了。”我不解地说：“就为这么点儿事啊？大不了权当脸上抹了洗面奶。”他哼了一声，说：“尼玛，他们是点着蜡烛的蛋糕往我脸上扣。”	"蛋糕,蛋糕图片,蛋糕笑话"	蛋糕图片_蛋糕笑话
西游记	话说西游记中师徒四人历经81难，取得真经后功德圆满成为千古奇谈，但家喻户晓的只是西游记中斩妖除魔的艰辛历程。你可知西游记中：妙龄白骨精为何裸死街头？女儿国数百美女为何半夜娇喘？蜘蛛精内裤为何频频失窃？师徒四人意外怀孕的背后又隐藏着什么？敬请关注笑话博览网：西游记里不得不说的秘密！	"西游记,取经,西游记,大话西游"	取经_西游记
狮子	作为王兽之王的狮子，无论是速度还是力量，永远都是个强者的象征！笑话博览中的狮子将向你展示温柔、幽默的一面。无论是远在非洲的雄狮，还是蹲在你家门口的狮子，总有个奇葩的瞬间会让你感到爆笑。	狮子	
照片	照片记录了生活中的点点滴滴，老照片里面有我们逝去的童年，相册里有的照片很有爱，有的照片很搞笑。别人拍你时的照片和自己自拍时的照片差距太大了。女神妹子卸妆后的照片吓尿我了，看了韩国美女整容前后的对比照片小伙伴们都惊呆了！	"照片,相片,恶搞照片,搞笑图片"	相片_恶搞照片
无力吐槽	无力吐槽指对某件事感到很无语，连吐槽的力气都没有了。厕所的雷人标语让人无力吐槽。女汉子疯起来太没节操真是让人无力吐槽。除夕还要上班？我早已无力吐槽了。看着那些雷人翻拍剧，观众们表示无力吐槽。春晚上的魔术居然穿帮了，实在是无力吐槽啊！	"吐槽,无力吐槽,每日吐槽"	每日吐槽
自拍	自拍神器、美图、45度角已成为时尚MM的必修课。看了牛人的自拍照才发现我们以前那些自拍简直弱爆了！自拍和别人拍的区别实在太大了，自从见了女神的真面目，我再也不相信那些自拍美女了。你为什么那么多人喜欢自拍？呵呵，因为没有人给他们拍照啊…	"自拍,自拍神器,自拍美女"	自拍神器_自拍美女
老鼠	老鼠是哺乳纲、啮齿目、鼠科啮齿类动物。凭嗅觉就知道哪里有什么，夜间出来活动，这斯的智商很高，且狡猾，活动鬼鬼祟祟，确感安全方才出洞。老鼠也有可爱的一面：如果来世，就让我们做一对小老鼠。笨笨相爱，呆呆过日子，拙拙依偎，傻傻在一起。即便大雪封山，还可以窝在草堆紧紧地抱着，咬你耳朵……！	"老鼠,耗子,臭鼠,小老鼠"	耗子_臭鼠_小老鼠
马桶	有谁能想到，马桶被称为一项伟大的发明，它解决了人自身吃喝拉撒的大问题，但是也有笑话博览们认为马桶是万恶之源，因为它消耗了大量的生活用水。于是，在笑话博览这个笑星出没的地方，马桶成了大家恶搞的神器。各种超级搞笑的马桶绝对让你笑到泪奔。	马桶	
老虎	老虎是百兽之王。一直以来老虎在我们心中都是威风八面的形象。笑话博览带你领略老虎不为人知的一面。老虎是大型猫科动物，卖起萌来的可爱程度不亚于猫咪呢，遇到一只好奇心强的老虎真是太呆萌了。土豪们喜欢养老虎作为宠物，真是碉堡了！	老虎	
猥琐	猥琐不是一种行为，而是一种精神，应该烙印在每一个小笑话博览的心中。因为，一个没有受到猥琐的热情所鼓舞的人，永远不会做出什么伟大的事情来。而一个能猥琐的人，才真是一个力量无边的人。所以，骚年们，当你们在笑话博览快乐成长的时候，尽情的去走自己的猥琐路，让别人追去吧!	"猥琐,猥琐是什么意思,猥琐男,猥琐图片,猥琐表情"	猥琐是什么意思_猥琐男_猥琐图片_猥琐表情
睡姿	睡姿是睡眠过程中的肢体语言。透过睡姿可以看出一个人的性格。正所谓春困秋乏，睡着了可就顾不得什么睡姿了。放眼放去，公交上、地铁上牛人们霸气的睡姿、销魂的睡姿能闪瞎你的双眼。骚年，你睡姿这么屌，你家人知道吗？	"睡姿,霸气睡姿,雷人睡姿"	霸气睡姿_雷人睡姿_销魂睡姿
高手在民间	比水上漂更牛的轻功你见过么？武林高手在民间，他们都是惊掉你下巴的逆天人类。一辆摩托车究竟可以载几个人？高手在民间，你绝对猜不到。大水也组织不了四川人打麻将的热情，麻将高手在民间啊！卖瓜大妈的一句“比初恋更甜”的广告词让路人都惊呆了，文案高手在民间啊！	"高手在民间,文案高手在民间,武林高手在民间"	文案高手在民间_武林高手在民间
无语	无语，网络语言。和郁闷、无奈的意思差不多。二货同事说话总让人很无语。有一天和同事在街上走着，看到两条狗狗在交配，我就随口说了一句:这狗也不注意避开人。谁知那二货淡定的说:我们不是一个世界的，难道你会因为一条狗在旁边，就不爱爱？瞬间雷到无语！	"无语,无语图片,无语歌词"	无语图片_无语歌词
高考	高考可以说是决定一个人一生命运的考试。离高考还有一百天了，正是最煎熬最难受的时候，苦逼的高三党们天没亮起床，凌晨才能睡！做比平常多好几倍的作业！每天都要考试！高考制度每年折磨人的程度都加深！高考太可恶了！说实话！我们这些毕业了的人看到你们这么辛苦！心里都不知道多爽！	"高考_高考作文,高考图片,高考时间,高考改革"	高考作文_高考图片_高考时间_高考改革
吓尿	吓尿指看到什么东西受到惊吓的夸张说法。意思跟吓出翔了差不多。牛人随便玩个极限运动，真能吓尿你！淘气的熊孩子总能把父母吓尿！网聊的妹子衣服脱后吓尿了。漂亮女星卸妆后观众都被吓尿了！千万不要在万圣节出门，胆小的真能被吓尿！	"吓尿,吓尿了,被吓尿,吓出翔"	吓尿了_被吓尿_吓出翔
整人	"整人，顾名思义：就是对别人进行“恶搞”，但基本都是善意的，开玩笑般的。发短信整人，愚人节整人,过生日时整人，各种丧心病狂的整人技能你都会了么？国外有一些专门的整人节目太没节操了！整人技能凶残至极，简直是损到没朋友，学会反整蛊是多么重要啊！"	"整人,整蛊,恶搞"	整蛊_恶搞
学霸	学霸就是每次考试都是前几名从未失手的一类人。无论多么恶劣的环境都不能阻止学霸学习。学霸们都是用绳命在学习啊！学霸总是无法超越的，学霸的世界学渣真心不懂。如何成为一个学霸？其实就是把别人用来睡觉的时间都用来学习，怪不得学渣最近总是睡眠不足，原来都被学霸偷走了！	"学霸,学霸女神,学霸男神"	学霸女神_学霸男神
强大	强大，强盛壮大，软弱的反义词。现在的修图软件太强大了，女屌丝一分钟变女神。乘班车回去路上，司机在听西方美声音乐，于是问他:师傅您听的懂？司机:我喜欢听这个和你们喜欢看岛国片一样，听不懂在唧唧咋咋啥，但是听着很舒服……瞬间觉得司机内心好强大。	"强大,内心强大,强大笑话"	内心强大_强大笑话
纹身	纹身俗称刺青，是在人单调的皮肤上刻画出理想的图画。很多人喜爱上了纹身这种疼痛的搞笑，并将纹身雕刻在自己的身上，与大家一起分享。尤其是遇到了一个不靠谱的纹身师，给你留下了一个雷死人的纹身时，你就真悲剧了。	"纹身,纹身师,雷人纹身"	纹身师_雷人纹身_刺青
小鸟	作为外形最漂亮声音最悦耳，小鸟从来都是笑话博览们最喜爱的动物之一。在笑话博览，各种小鸟总会不经意中让你开怀大笑。鉴于大家对小鸟的喜爱，于是北方的笑话博览们在称呼挚友时会亲切的叫他“鸟人”，广东的笑话博览们看到损友也会热情叫他“小鸟毛”（请用粤语深情地喊出）。唉，林子大了，什么奇葩的小鸟都有！	"小鸟,鹦鹉,鸟儿,宠物鸟"	鹦鹉_鸟儿
误会	有一种崩溃叫做亮瞎双眼，有一种误会叫做节操尽碎！当你在做好事儿的某一瞬间，被人无意撞见闹出误会后，真是想死的心都有啊！你能想到美女赤裸下身去吃面？你能想到淑女去做人流？你能想到皇帝如何亲近功臣？每个爆笑的故事背后都有个深深的误会，每个误会的背后，都有个毁三观的逗比！	误会	
莫莫贱语	百闻不如一贱，故人云：“人固有一贱，或重于泰山，或轻于鸿毛。”贱是一种态度，更是一种生活艺术。莫莫贱语，十年磨一贱，贱步如飞，贱入佳境。贱定不移，贱如磐石。莫莫贱语，我贱，故我在。一贱钟情，贱义勇为。贱功立业，贱不可摧。	"语录,搞笑对话"	语录_搞笑对话
结婚	结婚是人生大事，所以一定要隆重，牛人的婚礼更是充满创意和欢笑。结婚的时候最惨的要数新郎，女方的恶搞真是太过分太好笑了，这年头屌丝结婚可太不容易了！温馨提示，记得结婚的时候打扮漂亮的女宾客一律不准入内！新娘们你懂的！	"结婚,结婚典礼,结婚照片"	结婚典礼_结婚照片
飞机	飞机是项伟大的发明，相比汽车火车更加高大上一些。还没做过飞机的小伙伴，我来给你们讲一讲第一次坐飞机的注意事项。飞机起飞时，你得在机上跟着助跑一段距离，以便起飞。不要频繁打开飞机的窗户，外面很冷，风又大，容易感冒……哈哈！以上都是开玩笑啦！	飞机	
每日萌宠	欢乐，每日萌宠在和你一起奔跑嬉戏的玩闹中；沉默，每日萌宠在静静听你倾诉心事的夜晚；悲伤，每日萌宠在将要离开你的那刻。不禁感叹：前生多少次的回眸才换得我一生与你的相伴。我是一只普普通通的小萌宠，虽然你听不懂我的语言，但是我能看懂你的心......	"每日萌宠,萌宠萌翻天,每日搞笑萌宠,萌宠图片"	萌宠萌翻天_每日搞笑萌宠
性感	每到夏天，大姐上都是性感美女。丝袜、美腿、超短裙一个比一个性感。今天上午下公交车的时候离前面穿长裙女的太近把人家裙子给踩了，这不是高潮，高潮的是人家的裙子掉下来露出性感丁字裤，到现在我脸上的五指山还在呢...以后可得离性感美女远点。	"性感,性感美女,性感图片,性感女神,性感美腿"	性感美女_性感图片_性感女神_性感美腿
苦逼	苦逼指无奈，痛苦，被逼无奈。人生最值得怀念的就是苦逼的学生生涯了吧，虽然每天被作业考试包围，苦逼的学生党也能自得其乐，终于工作了，又当上了一名苦逼的程序员，每天加班太苦逼，找不着对象更苦逼，这苦逼的青春，苦逼的人生啊！	"苦逼,苦逼学生"	苦逼学生
超市大妈	"超市大妈是个神一样的名字。超市大妈是创意达人,他们总是能化腐朽为神奇。普通的卫生纸到了超市大妈手中就变成了华丽的婚纱。每一次逛超市，都能发现超市大妈的最新力作。超市大妈你们要不要这么有才啊！"	"超市大妈,超市,超市大妈笑话"	超市_超市大妈笑话
开挂	开挂意为开外挂，愿意指游戏时作弊的意思。网络中指屌爆不可思议的事情，超市里最有才的就是开挂的理货大妈们，印度更是个开挂的民族，汽车火车甚至街头的大叔都能分分钟开挂。印度电影中各种开挂镜头不断。阿三哥们一天不开挂就憋得慌，神都无法阻止阿三开挂了！	"开挂,阿三开挂,印度开挂"	阿三开挂_印度开挂
情人节	每年的2月14号是西方情人节。这是个恋人之间浪漫的日子。情人节秀恩爱的情侣们，你们让单身狗们情何以堪？有人问我情人节还是一个人吗，难道我会变成一条狗吗！单身很凄凉，单身的情人节加倍凄凉。于是他们发起了反击，电影票只买单号，把宾馆定光。情人节拆散一对是一对。	情人节	情人节礼物_情人节表白
蚊子	蚊子是夏天常见的一种杀伤力极强的坏蛋。蚊子不仅吸血，还能让人痒的痛苦难忍。只有一个人蚊子不会咬他，是谁？答，包大人啊！因为蚊子看不见他！没有一个人不恨蚊子，蚊香蚊帐各种工具却依然防不住蚊子。如果蚊子不吸血改行抽脂，那它会是多么可爱的小生灵啊！	"蚊子,打蚊子,防蚊子"	打蚊子_防蚊子
毁三观	毁三观，网络名词，常用来泛指那些颠覆大多数人看法的人、事或物。那些毁三观的雕塑简直无法直视，拍照时每个气质美女的旁边总有一个毁三观的屌丝。毁三观的剧情让人无力吐槽，三观都碎成渣渣了，我的三观很脆弱！求不要再毁了！	毁三观	
雪人	堆雪人可是冬天里必不可少的。洁白的雪可以堆成各式各样的雪人，堆雪人是个技术活。被熊孩子堆得雪人笑尿了，纯爷们堆得雪人居然也有六块腹肌，雪人界的姚明你见过么？牛人们堆得雪人真是逆天了。那些奇葩的雪人简直让人无法直视，单身妹子的雪人堆的真没节操！堆雪人真是乐趣无穷啊！	雪人	
你TM在逗我	"你TM在逗我，意为你是在逗我吗？你不要逗我了。一次数学课上老师讲到“直线！是，无限延长的，没有尽头。”接着从黑板的最左边用粉笔划一条直线，边划边走，划到最右边竟然没停下径直走出了教室，剩下全班同学石化,课代表跟着走出去，回来告诉他们，这可爱的老湿在办公室喝水。老师，你TM在逗我？"	"你TM在逗我,你TM在逗我吗,你不要逗我了"	你TM在逗我吗_你不要逗我了
护士	护士又被称为白衣天使。今天去医院体检，排了长长的队伍，轮到了我，看着美美的护士，傻笑着伸出左手，女护士用压脉带绑在我手上。握拳伸直，刚帮我消毒，我注意到自己的血脉还是蛮大的，微笑着就对小护士脱口而出了一句：“美女，够大吧？”顿时全场爆笑，护士红着脸，我跑厕所去了！	"护士,女护士,护士笑话"	女护士_护士笑话
功夫	自从功夫皇帝李小龙横空出世后，功夫不仅是单纯的搏击术，更是博大精深的哲学体现。如今，众多武者藏匿于民间，举手投足之中显露无上武学功夫。你可见波霸女“爆乳夹物”；酒肉和尚铁档神技；印度阿三“头顶功”，无一不是当今的武林神功！	"功夫,功夫高手"	功夫高手
强迫症	你有强迫症吗？总怕没锁门，这是强迫症初期。每次上下楼梯，都会数一下阶梯数，以保证右脚走完最后一级台阶，这是强迫症的中期。女友说和我在一起只是为了凑齐十二星座男，没治了，这是强迫症晚期。有强迫症的人伤不起，强迫症的人生好艰难！	"强迫症,逼死强迫症"	逼死强迫症_强迫症晚期
火车	200年前的科学家瓦特做梦也不会想到，他发明的火车竟然是个笑料频出的地方。火车上，逆天的乘务员会开挂；困极了的美女乘客积极展示绝好身材；牛人们也借着火车玩起了各种心跳。尤其当你看见印度的火车后，你一定会“震精”的说：“和阿三们相比，中国火车的春运绝对是爆弱了啊”！	"火车,春运火车,火车开挂"	春运火车_火车开挂
萝卜	"萝卜是常见的蔬菜，现在的萝卜都要逆天了，长成人参形状的萝卜，美女萝卜,奔跑的萝卜，这么没节操这么销魂，萝卜身上到底发生了什么？不管红萝卜还是白萝卜能搞笑的都是好萝卜！牛人的巧手能用萝卜雕出美丽的玫瑰，萝卜也是追女神神器啊！"	"萝卜,搞笑萝卜,奔跑的萝卜"	搞笑萝卜_美女萝卜_奔跑的萝卜
女同学	女同学是每个人男人青春时代的美好记忆。我今年23，初中的时候比较调皮，下课和小伙伴玩石头剪刀布输的要摸女同学的胸。我输了，就摸了…然后被老师叫家长了。我爸在办公室给我一顿削....每每想到这里，我就会点支烟凝望窗外的霓虹灯，那些一闪一闪的灯光好像告诉我离上一次接触女性的胸部已经过了11年...	"女同学女,同学图片,女同学笑话"	同学图片_女同学笑话
西瓜	西瓜不仅是清热解暑、生津止渴的水果，也是搞笑牛人发挥幽默力的神器。二货吃西瓜的方式你猜不到。高手在民间，牛人的西瓜雕刻惟妙惟肖令人叹服。圆的西瓜见多了，你见过方的西瓜吗？金字塔形的西瓜吗？西瓜们这是要逆天啊！	西瓜	
宅男	宅男是指每天憋在屋子里不出去，每天玩游戏、上bbs的这群人。其特点是不出门，交往不多。宅男的早餐、午餐、晚餐极其简单，基本就是方便面。宅男的特征之一就是右手臂粗壮，你懂的。宅男大多沉浸在二次元的世界里。所谓的资深宅男就是：硬盘，就是一切。	"宅男,资深宅男,宅男福利,宅男女神"	资深宅男_宅男福利_宅男女神
二楼	二楼定律源于网易的造楼过程。自古二楼出SB。自古二楼朵奇葩。二楼也是众多神回复频发之处。赶得早不如赶得巧，二楼作为一个神奇的楼层，实乃评家必争之地。网络中常把二楼作为调侃的对象。比如，二楼你女朋友晒外边忘收了。二楼你肥皂掉了。二楼该吃药了。	"二楼,二楼定律,二楼神回复,抢二楼"	二楼定律_二楼神回复_抢二楼
犀利	网络红人“犀利哥”以他那那忧郁的眼神，唏嘘的胡碴子，那帅到无敌的风衣和发型迅速秒杀了网民，掀起了恶搞PS的高潮。屌丝看女神的眼神总是那么犀利。泡论坛的老师伤不起，犀利的评语让人佩服。女生问：你为什么对我这么好？男生打：我敬你是条汉子！要不要这么犀利啊！	"犀利,犀利哥"	犀利哥
模特	模特由英文“model”音译而来，指展示产品、广告的人和模型。模特也是气质的代名词，普通的衣服穿到美女模特身上总能熠熠生辉，让人瞬间产生购买欲望，这就是模特的魅力。不过有些脑洞大的商家偏偏喜欢用一些牛头马面的奇葩模特，老板还想不想做生意了？为什么模特穿和自己穿的差距那么大？因为—你太胖了！	"模特，美女模特,内衣模特,淘宝模特"	内衣模特_美女模特_淘宝模特
萌萌哒	萌萌哒，该吃药了的代用词。今天出来没吃药，感觉整个人都萌萌哒。我自横刀向天笑，感觉自己萌萌哒；商女不知亡国恨，感觉自己萌萌哒……人家长得好看的才能说感觉自己萌萌哒，而你长得不好看的，只能说感觉自己丑丑哒，自己胖胖哒，而且自已还穷穷哒。	"萌萌哒,萌萌哒是什么意思,感觉自己萌萌哒"	萌萌哒是什么意思_感觉自己萌萌哒
浪漫	浪漫意为富有诗意，形容恋爱男女在一起时的美妙意境。歌词里说，我能想到最浪漫的事，就是和你一起慢慢变老。情人节我在家老公去上班了，发个肉麻短信给老公，什么两周年了，谢谢你，我爱你……本想赚回点浪漫，结果那二货就给我回了俩字：同上！不懂浪漫的人伤不起啊！	"浪漫,浪漫满屋,浪漫图片,浪漫的事"	浪漫满屋_浪漫图片_浪漫的事
婚礼	婚礼是用来庆祝一段婚姻的开始的仪式。土豪的婚礼让人羡慕。屌丝的婚礼也可以很有创意。我一个战友在别人婚礼上属于恶贯满盈，做恶多端的那种。等他结婚时，各种担心！可婚礼上我们什么都没有干就是让他陪打了一夜牌。天亮了这小子叹口气“还是你们狠，新婚之夜都不让我陪老婆……”	"婚礼,婚礼习俗,婚礼创意,土豪婚礼,屌丝婚礼"	婚礼习俗_婚礼创意_土豪婚礼_屌丝婚礼
脑残	脑残，泛指做事火星，过分神经质的人。脑残的思维你是无法理解的。看脑残对话真是种折磨。遇到脑残设计的东西真是哭笑不得。脑残的主人们不要在折腾你们可爱的宠物了。脑残的电视剧能瞬间拉低你的智商，商家们真当消费者是脑残么？脑残儿童欢乐多，真被脑残的智商惊呆了。	"脑残,脑残对话,脑残儿童"	脑残对话_脑残儿童
太有才了	太有才了出自于2007年央视春晚小品《策划》，经过春晚之后，你太有才了蹿红并成为经典网络用语。几个朋友聚一块，有个男生对女生说，哎呦，好久不见漂亮了，女大十八变，越变越好看，这时候边上一哥们默默来了一句，别瞎说，孙悟空七十二变不照样是猴吗。哥们，你太有才了！	"太有才了,你太有才了"	你太有才了
大象	作为陆地上最大的哺乳动物，大象原来也是个搞笑高手！长长的鼻子不仅是调戏美女的利器，更是喷口水吐槽的逆天武器；而大象那巨大的身躯和憨厚的外表更是惹人喜爱。尤其在印度和泰国，大象还有图腾的意义。让我们来看看笑话博览网的大象有哪些搞笑之处吧！	大象	
高富帅	“高富帅”网络词汇，对应于“矮穷矬”，“屌丝”。它形容男人在身材，财富，相貌上的完美无缺。几乎每个男人都想成为高富帅，但现实是残酷的，对于屌丝而言高富帅是个心酸的词。高富帅追求女神从不费工夫，屌丝也只能收获“呵呵”屌丝们最远大的志向就是：怀拥世上白富美，脚踩天下高富帅。	"高富帅,极品高富帅"	极品高富帅_最年轻的高富帅
军事	谁也没想到残酷无情的军事中也有轻松幽默的一面！杂技特种兵展示绝活“铁头功”；雷达兵教你探测飞机的神奇方法；坦克兵与你分享防盗心得；印度摩托兵告诉你军事阅兵和耍杂技的有何因果联系！军事中的幽默其实就这么简单！	"军事,战争,军队,武器"	战争_军队_武器
神器	神器愿意是神仙所用的法器。有着强大的威力。网络中表示犀利的装备。有了自拍神器，凤姐也能瞬间变身大美女。有了防蚊神器，夏天拥有优质睡眠soeasy。那些神一样的挤公交神器，挤地铁神器，想挤哪里挤哪里。有了他们麻麻再也不担心我挤车了。	"神器,自拍神器,约炮神器,挤公交神器,挤地铁神器"	自拍神器_约炮神器_挤公交神器_挤地铁神器
亮瞎	亮瞎形容内容太过震撼，太亮了，到了瞎眼的程度。看了女神卸妆后的照片真是亮瞎了。每张搞笑照片里总有一个亮瞎眼的抢镜者。第一次见丈母娘、丈母爹，丈母娘夸我很干净，很阳光，二货女友大声说：嗯，他来之前好好打扮了一下，说要亮瞎你们的狗眼……	"亮瞎,亮瞎了,亮瞎眼,亮瞎笑话"	亮瞎了_亮瞎眼_亮瞎笑话
厨房	厨房是美食的诞生地，也充满了各种笑料。厨房里既有精美的刀工也有黑暗料理。厨房还是熊孩子的游乐场。生活就是厨房充满了杯具与餐具，自从二货媳妇把洗洁精当油炒菜后，家里再也不用她入厨房，当我现在围着围裙在热火朝天的时候，我忽然想到：我是否中计了？	厨房，厨房菜谱，厨房美食	厨房菜谱_厨房美食
人艰不拆	人艰不拆，“人生已经如此的艰难，有些事情就不要拆穿”。今天听到的最狠的一句话是：长得丑又穷的人，还能指望有什么内在美。人艰不拆啊！夏天就要到了，胖子们都懂的，人艰不拆啊！拖延症、强迫症、选择困难症说白了就是懒、贱、穷！求别说！人艰不拆啊！	人艰不拆	
鄙视	鄙视表示轻蔑、看不起的意思。一般用比中指的手势表示鄙视。在汪星人眼里，最鄙视的就是自恋的蓝星人。和老婆看电视，看到巧克力的广告，我就吐槽了一句：“二十块钱的东西你特么还能泡到女神？”老婆特别鄙视的看了我一眼，说：“重点是拿德芙的是个男神。”	"鄙视,鄙视表情,鄙视图片,鄙视手势"	鄙视表情_鄙视图片_鄙视手势
诱惑	诱惑指吸引迷惑令人无法自拔的人或事物。一到夏天，满街的丝袜美腿就是赤裸裸的诱惑啊！快餐店的MM都用制服诱惑来吸引顾客了，根本把持不住啊！面对这美食的诱惑，胖子的减肥计划又一次失败了。对于宅男而言，妹子的诱惑却远远比不上漫画游戏和wifi的诱惑。	"诱惑,丝袜诱惑,制服诱惑"	丝袜诱惑_制服诱惑_美腿诱惑_美女诱惑_办公室诱惑
新郎	新郎又叫新郎官，是对结婚仪式中男方的称呼。女方称为新娘。现在结婚对于屌丝来说太难了。即使取得女神芳心结婚了，新郎还要遭受各种折磨。亲友们都以恶搞整蛊新郎为乐趣。这样的风俗实在是太低俗了，新郎简直没有一点尊严！对此，我想说：让我当一次新郎吧！	"新郎,新郎官,新郎新娘"	新郎官_新郎新娘
走光	夏天来了，又到了街头美女走光的高发季节。妹子们穿短裙时动作就不要那么女汉子了，否则真的会走光的。如今的明星穿衣越来越大胆，风一来就毫无意外的走光了，T台模特走光的瞬间太尴尬了！美女走光了还算一道风景，大叔们走光可真是闪瞎狗眼了。各种防走光的招式你都学会了么？	"走光,爆笑走光,街头走光,明星走光"	爆笑走光_街头走光_明星走光
七夕	七夕是牛郎织女一年一度鹊桥相会的日子。七夕节也被称为中国的情人节。七夕这天只有两类人，秀恩爱的情侣和苦逼单身狗。由于和女友异地恋不能一起过七夕情人节，我就给她发一句歌词，“只要爱对了人，情人节每天都过。”现在分手3个多月，我才知道那首歌叫分手快乐……	"七夕,七夕节,七夕情人节,七夕礼物,七夕图片"	七夕节_七夕情人节_七夕礼物_七夕图片
交警	交警即交通警察。交警维护着道路的交通秩序，预防和减少交通事故。“酒后开车，你活够了吗”现在的交通叔叔真是吊炸天啊！交通发达的今天，违章方式不是交警能想到的。奇葩的司机你们那么吊，交警知道吗？“无证驾驶什么的最讨厌了”人类都无法阻止交警卖萌了。	"交警,交警图片,帅气交警美女交警,"	交警图片_帅气交警_美女交警
新娘	新娘又叫新娘子，是对结婚仪式中女方的称呼。男方称为新郎。女人一生中最幸福最美的时刻就是当新娘了。一对新人去影楼化妆，新娘在二楼化妆间化完妆。打电话给新郎：快上来。新郎兴冲冲的跑上来，把另一个化完妆的新娘抱了起来，兴奋的说：宝贝，你太漂亮了！化妆师太厉害了，我都认不出来了。	"新娘,新娘子,新郎新娘,最美新娘"	新娘子_新郎新娘_最美新娘
字幕	字幕泛指影视作品后期加工的文字。搞笑的字幕组真是欢乐多啊！字幕组，你们就不能用点靠谱的输入法吗？别买盗版碟，否则你一定会被字幕组给雷倒的。遇到调皮的字幕君，观众想不笑都难。字幕君时而卖萌时而节操无下限。吊炸天的字幕组真给你们跪了！	"字幕,字幕组,字幕君"	字幕组_字幕君
差距	差距指事物之间相差的程度，差距来自比较。理想和现实的差距总是很大。女神化妆和素颜的差距真的好大。什么是女神？就是发个动态说自己感冒了都有十几条嘘寒问暖的评论！什么是屌丝？发个消息说自己要死了，第二天去看却发现只有几个人点了赞…女神和屌丝的差距好大！	"差距,差距对比,贫富差距,差距好大"	差距对比_贫富差距_差距好大
粑粑	粑粑，方言中指大便，还指一种糯米做的食物。网络中是爸爸的谐音。千万不要让粑粑带孩子。昨天超市买零食，结账的时候前面有个粑粑带着个萌娃儿，萌娃坐小推车上抓起一个小盒就不放手了，他粑粑看了一眼对他说：放下，这是你仇人，有他就没你了。仔细一看，杜蕾斯……	"粑粑,粑粑麻麻,粑粑笑话"	粑粑麻麻_粑粑笑话
蜘蛛	在我们的身边有一种叫蜘蛛的小动物，它们有4万种亲戚，超过1.36亿年的生存历史。微小的蜘蛛一直被我们所忽略，直到它们家族中伟大英雄“蜘蛛侠”的横空出世，才彻底改变了人们对蜘蛛的看法。或许在某个阴暗的角落，就藏着一个令人渴望而又向往的变身大神，在等待亲吻你......	蜘蛛	
教授	能当上教授，自是很有学问，在某专业领域很有造诣。所以，不仅学生，笑话博览的粉丝也都对教授充满了敬仰。但如今的教授，都拥有了幽默细胞，在三尺讲台上举重若轻的发挥恶搞天赋，让台下学生大笑连连。这样，高校教授就成了“搞笑教授”。	"教授,教授笑话"	教授笑话
QQ	QQ这个聊天软件可以说是在网民中最普及的。据说每个人的QQ里，都有叫这样网名的人，往事随风，过客，轻舞飞扬...在QQ上看到一个非主流MM的个性签名：巭孬嫑莪！到底什么意思啊？现在打开电脑，一上qq，看着里面几百的好友，却找不到一个可以讲话的，你是这样么？	QQ	
妖娆	妖娆指娇艳美好有诱惑力的事物，网络中经常用来形容奇葩、雷人的事物和有点“娘味”人。妖娆大叔一上街总能引起围观。作为一个爷们居然那么妖娆，你家人知道吗？爱跳舞的骚年总能很妖娆。问路的妹子姿势那么妖娆，屌丝怎么受得了！要说动物界中谁最妖娆妩媚？定非喵星人莫属了。	"妖娆,娆哥,娆姐,娆叔"	妖娆哥_妖娆姐_妖娆叔
古代	古代可是个笑料辈出的时代！从潘金莲推窗户的那一刻开始，古代的历史就被改写：如果潘金莲不推窗户就不会遇见西门庆，也就不会出轨；她哥哥武松就不会上梁山；方腊就不会被抓，金兵不会入关也就没清朝，鸦片战争也就不会有，说不定中国早超过美国。所以，谁穿越到古代告诉潘金莲，你没事开神马窗户啊！	"古代,古时候,很久以前,传统"	古时候_很久以前_传统
穿越	穿越是穿越时间和空间的简称。近年来，穿越小说和穿越电视剧在网络流行。比如《宫》《步步惊心》，现在的女孩子穿越到了古代竟变成了格格。神奇的穿越剧啊！2014大热的韩国穿越剧《来自星星的你》。从外星穿越来地球的都叫兽迅速成为万千少女的梦中情人，神都无法阻止穿越剧了。	"穿越,穿越小说,穿越剧"	穿越小说_穿越剧
偷拍	在他人不注意时进行的拍摄叫做偷拍，总有些人喜欢偷拍，夏天偷拍美女裙底的猥琐男，公交、地铁上偷拍他人的搞笑睡姿。有的偷拍实在太猖狂了，称得上是冒死偷拍。脑袋有洞的人偷拍时会不小心把自己也暴露了。真是偷鸡不成蚀把米。人类还喜欢偷拍家里宠物的一举一动。愚蠢的人类，你们够了！	"偷拍,偷拍美女,偷拍走光"	偷拍美女_偷拍走光
贱人	贱人，骂人的脏话。贱人真的是无处不在，没有最贱只有更贱。有一种贱人叫吃不胖，明明很瘦却一直吵着要减肥。有一种贱人叫理发师，他永远听不懂你说的话。贱人就是矫情啊，上班忙的跟狗似的，一下班就感到很快活。今天不加班，早回来没事，却闲的无聊，想去加班啊！	"贱人,贱人就是矫情,贱人语录"	贱人就是矫情_贱人语录
动态图精选	动态图的原义是“图像互换格式”，后缀名为.gif。因其体积小而成像相对清晰，从而受到光大网友的欢迎。笑话博览的动态图大都为搞笑的，卖萌的，可爱的内容为主，来博取网友的欢喜。动态图精选是笑话博览从数以万计的动态图里，按着相同内容，主题，精选出来的动态图集合，让网友开怀一笑。	"动态图精选,搞笑动态图,搞笑gif,精选gif"	搞笑动态图_搞笑gif_精选gif
标志	标志是标明事物特征的记号。现在的标志越来越无节操了。“老板，这个鸡肉炖蘑菇里，怎么有一根鸡毛。”顾客问。“这个嘛，嗯先生，这是我们的防伪标志，您觉得怎么样。”老板答。这样的防伪标识太坑爹了吧。	"标志,厕所标志,标志笑话"	厕所标志_标志笑话
秒懂	秒懂，网络用语，瞬间懂了的意思。秒懂的都是邪恶少年。看到女神买了一堆黄瓜回家，我瞬间秒懂了。今天两个女同事在聊天，我走过去，刚想说点什么其中有个人跟我说：“别插嘴！”我居然秒懂了，我再也无法直视自己了！	"秒懂,秒懂图,秒懂笑话_秒懂王"	秒懂图_秒懂笑话_秒懂王
酱紫	"酱紫，网络语言。意为“这样子啊”。古语中的“何以竟至于此”翻译过来就是—肿么酱紫。如果你不明白“酱紫”什么意思，估计马上对方就要回你一句“表酱紫，你是不是新新人类？”表酱紫拉的意思是不要这个样子。例如：表酱紫看着人家,人家会害羞的拉。酱紫这个词萌萌哒，比较适合用于女生撒娇。"	"酱紫,酱紫是什么意思,表酱紫"	酱紫是什么意思_表酱紫
乞丐	以乞讨为生的人统称为乞丐，也叫“叫花子”或作“要饭的”。乞丐们邋遢的穿着一时间也成为一种时尚。网络红人“犀利哥”就是乞丐中的时尚先生。不要以为乞丐都是穷困潦倒者。单反穷三代摄影毁一生，乞丐背后的身世你猜不到。西单磕头王，每小时收入4000远被称为最牛乞丐。乞丐可是个高薪职业！	"乞丐,醉酒男子与乞丐,最美乞丐,最牛乞丐"	醉酒男子与乞丐_最美乞丐_最牛乞丐
励志	一切积极向上，充满正能量的都可以称为励志。明星减肥前后的对比照，实在太励志了！网络红人“励志哥”，长得既丑又胖，却拥有一位非常漂亮的女朋友。励志哥和女友的甜蜜私拍照太销魂了，网友纷纷表示被亮瞎了双眼。励志哥真是屌丝逆袭的典范啊！	"励志,励志哥,励志语录,励志故事"	励志哥_励志语录_励志故事
情何以堪	情何以堪用来表示感情上难以接受的事情。狂吃也不长肉的瘦子们，你们让胖子情何以堪！惊闻还在上幼儿园的外甥都有了女朋友，这让还在单身的屌丝舅舅情何以堪啊！那些忙着炫富的土豪们，你们让苦逼屌丝情何以堪啊！	"情何以堪,情何以堪啊,让人情何以堪"	情何以堪啊_让人情何以堪
黄瓜	刚看到一女生的个性签名：如果你能替我节约一根黄瓜，我就能让你节省一圈手纸。看懂的说明你已经不纯洁了。笑话看多了，黄瓜也变得邪恶了。一天，班花抱怨到：哎！夏天太热，黄瓜都焉了。我一听来劲了：“你取出来，装满水，放冰箱里冷冻一下，再取出来用，保证你满意…”班花回到：“可是这和敷面膜有什么关系？”	"黄瓜,搞笑黄瓜,邪恶黄瓜,黄瓜笑话"	搞笑黄瓜_邪恶黄瓜_黄瓜笑话
喜感	喜感意为充满搞笑的感觉，让人看了就想笑。有喜感的东西看了总能让人心情大好。喜感萌兽草泥马在网络走红后，日本有一对丑萌丑萌的喜感兄妹最近也在网络大红。平凡的井盖、树木、饮料只要给买加上眼睛、鼻子立马就变得有喜感了。	"喜感,喜感兄妹,喜感图片,喜感笑话"	喜感兄妹_喜感图片_喜感笑话
造型	造型指创造出来的物体的形象。造型的魅力在于它可以让人脱胎换骨，同样造型也能彻底毁掉一个人。明星们用切肤之痛告诉你，千万不要得罪造型师！宿舍二货们拍照时，都是用生命在摆造型。那些杀马特造型的骚年们，你们这么屌，你爸妈知道吗？	"造型,奇葩造型,杀马特造型"	奇葩造型_杀马特造型
鹦鹉	古人云：乌龙未睡定惊猜，鹦鹉能言防漏泄。要比试学说话，鹦鹉的“口技”在鸟类中可是十分超群的，人们对鹦鹉最为钟爱的技能当属学你说话。其实，会说话的鸟还真多，鹦鹉八哥等等都有这个本领，鸟会说人话，确实给我们生活增添了许多乐趣，不过也闹出了不少笑话。	鹦鹉	
香蕉	香蕉本是好吃的水果。笑话博览笑话看多了，看到女神吃香蕉总是禁不住会邪恶。今天去上课的路上碰见我们的女导员，顺手把我准备带去上课吃的香蕉递给她一根，她连忙说：谢谢…不用不用真不用…然后我特么也不知道怎么脑子一热就冒出一句：不用…你可以吃啊！	"香蕉,香蕉邪恶,香蕉笑话"	香蕉邪恶_香蕉笑话
无敌	无敌就是没有对手，没有与之对抗的。水至清则无鱼，人至贱则无敌。昨天晚上，我失眠难受的睡不着，起床去嘘嘘，就听见舍友大喊一声快：“快跑....有弹.....！”然后就听他放了一个巨响的屁。不知道响不响，反正楼道里的声控灯亮了！我的舍友无敌了！	"无敌,极品无敌,无敌笑话"	极品无敌_无敌笑话
秀恩爱	秀恩爱死得快，对这句话不能再同意了！公共场合秀恩爱，一定是失散多年的兄妹！甚至有微博网友发起了“秀情侣大赛”这对单身来说是一个多么充满恶意的话题。各种秀恩爱的情侣纷纷亮相。不过其中好像混进去了什么怪怪的东西？那些秀双手的屌丝，你们要不要那么凄凉？	"秀恩爱,秀恩爱死得快,秀情侣大赛,秀恩爱分得快"	秀恩爱死得快_秀情侣大赛_秀恩爱分得快
教练	教练是类似于老师的角色。运动员有教练，健身房有教练，驾校有教练。训练课上，教练突然点名提道：“小辉，阿华，你俩最近在场上的表现简直就像在演三级片！”队友们顿时哄堂大笑，我的脸唰一下就红了，还没来得及说话，教练又补充道：“假动作实在太多了！”	"教练,驾校教练,健身教练,教练笑话"	驾校教练_健身教练_教练笑话
深井冰	深井冰是神经病的谐音。当男神女神一秒变深井冰真是伤不起。看明星们最想删除的深井冰私照简直笑的停不下来。深井冰们欢乐多，深井冰的合照姿势正常人真的想不到。深井冰们你们都是从火星来的吧？	深井冰	
草泥马	草泥马，网络流行语，脏话的谐音。昨天问男友:如果我没胸没屁股没身材没脸蛋，没工作没文化，没内涵没智商你还会爱我吗？他愤怒的回到:跟现在有什么差别吗！心中顿时一万只草泥马！草泥马也是网络十大神兽之一。又叫羊驼。草泥马外形相当可爱，被称为“萌兽”。草泥马你这么萌，你家人知道吗？	"草泥马,我草泥马,萌兽草泥马,神兽草泥马"	我草泥马_萌兽草泥马_神兽草泥马
作文	作文是考试题中必不可少的一部分。每次高考后，都能出现很多优秀作文和奇葩作文。记得初中时老师出了个半命题作文《------压力》或《压力------》。我们都写了“成长的压力”“考试的压力”或是“压力下的我们”。唯独我们班一旷世奇才写了一篇说明文——《压力锅》。你这是零分作文的节奏啊。	"作文,满分作文,零分作文,作文笑话"	满分作文_零分作文_作文笑话
恶意	加拿大一项研究称：缺钱影响智商。我感受到了来自这个世界的恶意。这么多年了，终于找到自己傻逼的原因了！看到一个餐馆的温馨提示：本店不接受一个人用餐，因为您太孤单了。温馨提示个蛋！感受到了满满的恶意有木有！	"恶意,满满的恶意,恶意笑话"	满满的恶意_恶意笑话
凶残	凶残本意是凶狠、残酷。网络指强大的超出一般人能理解程度的事物。一直以来。有个叫周一的地主，其性格凶残变态！残害亲兄弟周六、周日，还曾将亲妹妹周五许配给隔壁村的一个叫加班的凶残地主！不仅这样他还带着周二、周三、周四，横行乡里，鱼肉百姓，其罪行累累，令人发指！使众百姓深处水深火热之中！深有同感啊啊啊！	"凶残,凶残笑话"	凶残笑话
对联	对联又称春联或对子，对联讲究对仗工整，平仄押韵。每年一到春运都有一幅熟悉的对联。上联：啤酒饮料矿泉水下联：香烟瓜子火腿肠横批：请让一让。春节里有才的对联更是比比皆是。人们通过对联来表达美好的期望。赌神的对联希望逢赌必赢。宿舍里学姐的对联很励志：今日大三女屌丝，明日成功女强人。	对联_春联	春联
段子	段子原来是相声术语。后来含义扩大，并在网络流行。笑话博览汇聚互联网上众多经典段子，幽默段子，内涵段子，搞笑段子，精品段子，以及一切能给你带来快乐的段子，这里每天都有最新的好笑段子，无聊就来笑话博览看看段子吧。	"段子,幽默段子,内涵段子,搞笑段子,精品段子"	幽默段子_内涵段子_搞笑段子_精品段子
巧合	电视剧中常看到一句话“如有雷同纯属巧合”。说明巧合是一件发生概率极低的事情。A同事说供儿子读书辛苦，每个月几百话费一千多生活费每天都跟女孩子外面吃饭，旁边B同事恍然大悟，怪不得我女儿每个月五百块还能省一两百，问他够吃饭吗还漫不经心的说只要够交话费就行……神一般的巧合啊！	巧合，如有雷同纯属巧合，惊人的巧合	如有雷同纯属巧合_惊人的巧合
正太	正太指年纪小、很可爱、体质瘦弱的小男生。泛指可爱的小弟弟。正太有三宝：天真、可爱、皮肤好。“正太控”指特别偏爱正太的怪叔叔和怪阿姨。岁月是把杀猪刀。童年伴随我们成长的那些帅气正太已经变成了满脸胡渣的大叔。心好痛！	正太	
空调	夏天最开心的事情就是呆在空调房里面吹冷气。没有空调的寝室简直就是人间炼狱，机智的同学们相近各种办法降温，抱冬瓜、睡楼顶…今天去商场买东西，服务员妹子：“你好，先生有什么能帮到你吗？”我：“哦没事，谢谢！”妹子低下头暗暗道：“又来一个蹭空调的！”	"空调,装空调,空调笑话"	装空调_空调笑话
抓拍	就拍照来说，经典的瞬间全靠抓拍。好照片只有抓拍才能拍的那么到位。抓拍的时机、角度很重要，时间定格在抓拍的那一刻，可以很唯美很神奇也能很雷人很搞笑。笑话博览各种美女抓拍，运动场上的雷人抓拍，还有你想不到的超爆笑抓拍瞬间，让你看花眼！	"抓拍,美女抓拍,精彩抓拍"	美女抓拍_精彩抓拍_抓拍瞬间
建筑	建筑师的奇思妙想你永远想不到，有创意的建筑令人眼前一亮，奇葩的建筑让人大跌眼镜。更有无节操的建筑，足以震碎你的三观。建筑也能有表情？建筑也能卖萌？彪悍的山寨建筑不需要解释，违章的2B建筑更加伤不起啊！	"建筑,奇葩建筑,山寨建筑"	奇葩建筑_山寨建筑
企鹅	企鹅是一种不能飞的鸟类生活在南极。世界上最耐寒的三种动物：北极熊、企鹅、女人。企鹅外表憨憨的，小短腿，走路走不快，蠢萌蠢萌的。企鹅是地球上数一数二的可爱动物。企鹅你这么萌，你家人知道吗？比企鹅更逗比的是摔倒的企鹅。其实企鹅的脖子很长，只是因为它是个胖纸。	"企鹅,南极企鹅,企鹅图片,企鹅跳舞"	南极企鹅_企鹅图片_企鹅跳舞
逆袭	逆袭原是游戏用语网络中指逆境中反击成功。吊丝通过努力，终于成为高富帅叫做屌丝逆袭，这是一个逆袭的时代，一切皆有可能。不仅男屌丝可以逆袭，女屌丝也一样可以逆袭。女汉子可以逆袭成为白富美。死胖子也能逆袭成为男神。再平的胸也有逆袭的一天。屌丝终有逆袭日，努力吧！	"逆袭,屌丝逆袭,女汉子逆袭,小短腿逆袭"	屌丝逆袭_女汉子逆袭
真爱	什么才是真爱？遇到真爱是什么感觉？答案仁者见仁智者见智。真爱就是，我知道你来了大姨妈，我还坐六小时的火车去看你。我们只看到灰太狼对红太狼的百依百顺，逆来顺受。却忽视了灰太狼逮不到羊时红太狼对他的不离不弃。也许这就是真爱吧。	"真爱,真爱粉,真爱笑话"	真爱粉_真爱笑话
小三	小三，是通过互联网流行起来的一个词，是对“第三者”的贬称。昨天晚上做梦，梦到我老公有小三了，在路上被我碰见小三，被我打了个半死。今天早上和老公说了，老公笑嘻嘻的说，怎么可能，她打你还差不多……安静中……我是不是该自我安慰了。	"小三,第三者,破鞋,二奶"	第三者_破鞋_二奶
出租车	出租车，又叫计程车，的士是一个略显“高大上”的交通工具。现在的出租车司机都是逗比嘛？今天早上打出租车，快到公司时堵车了，师傅突然转过头沉声问我：“你有病吗？”我吓了一跳：“没病啊，怎么了？”“没病走两步！”出租车师傅指着不远处的大厦说。	"出租车,出租车司机,出租车笑话"	出租车司机_出租车笑话
猩猩	作为和人类最接近的动物，尽管猩猩在1000万年前演化的道路上与我们分道扬镳，但猩猩高智商下的幽默一面依然令你爆笑不已：玩手机、恶作剧、对妹子偷施咸猪手，猩猩们的搞笑节奏真让人笑掉大牙。	猩猩	
化妆	化妆术是项神器的技能。千万不要相信化妆的女人！女明星素颜逛街居然没人认出，足见化妆和素颜的差距实在太大了！今天中午，办公室里，公司业务部的荔枝姑娘正对着镜子化妆，那化妆术碉堡了！妹子悠悠的来了句：“今天下午出去，哪个客户要不同意签合同，我洗洗脸吓死他！”	"化妆,化妆术,化妆品,化妆技巧"	化妆术_化妆品_化妆技巧
鞋子	有人说，一个人的品味从他穿的鞋子就能看出来。我坐火车上。卧铺，对面男的脱了鞋子，躺在床上在打电话，我闻那鞋子味儿大。就说：兄弟，能不能能用被子盖一下。那兄弟说:受不了出去，MB的。我没理他，只是默默的脱下鞋子。几秒后，对面男的出去了。到现在为止还没回来。他是怎么了？	"鞋子,搞笑鞋子,鞋子创意,鞋子笑话"	搞笑鞋子_鞋子创意_鞋子笑话
彪悍	彪悍是由剽悍演化而来的，彪悍的人生不需要解释，公交车上一个中年妇女上车二话没说就给司机一巴掌:“你没看到我在下面呢吗？”我们心想谁呢这么彪悍。只听司机说到:“妈，我都多大了，你还当着全车人的面打我。”彪悍的女汉子伤不起啊！	"彪悍,彪悍的人生,彪悍的人生不需要解释"	彪悍的人生_彪悍的人生不需要解释
正能量	正能量是一种健康乐观、积极向上的动力和情感。当下，中国人为所有积极的、健康的、催人奋进的、给人力量的、充满希望的人和事，贴上正能量标签。正能量已经上升成为一个充满象征意义的符号，与我们的情感深深相系，表达着我们的渴望，我们的期待。	正能量	
方便面	方便面又称泡面，没有营养但胜在方便快捷。方便面是宅男宅女必备食品。男友不许我吃方便面，一次偷偷摸摸的吃。他进来了闻见味道，问：“是不是吃方便面了，怎么这么香？”我急忙回答：“体香！”三秒后只听暴吼：“尼玛，你体香是红烧牛肉味的！”	"方便面,方便面吃法,方便面危害,方便面图片"	方便面吃法_方便面危害_方便面图片
宾馆	去宾馆俗称开房，情人节的宾馆特别难定，你懂的。和女友去宾馆开房，来个电脑房，开门后女友直接去洗澡。哥坐下来玩电脑，qq刚一打开上面尽然记住了女友的qq号。哥第一次来这宾馆啊，我错过了什么了吗？	"宾馆,宾馆笑话"	宾馆笑话
足球	真爱生命，远离足球。虽说足球这项运动是中国古人发明的，可是提起中国足球真是—伤不起！有人提议中国足球现象应列入世界未解之谜。因为一个十多亿人口的国家。竟然找不出11个会踢球的人……有犀利的网友一语道破天机：中国足球10年之内赶上世界一流的唯一方法——高考加一门足球。	"足球,中国足球,足球明星,足球宝贝"	中国足球_足球明星_足球宝贝
禅师体	禅师体是2012年起开始在网络流行的文体，受到广大青年们的追捧。禅师体都以“青年问禅师”开头，然后老禅师给青年指导人生。最后一句话毁掉小清新往往以无厘头会心一笑结尾。禅师体是高端冷笑话。多看禅师体笑话教你一句话噎死老禅师。有了禅师体再也不担心度娘不告诉你了。	"禅师体,禅师体大全,各版本禅师体"	禅师体大全_各版本禅师体_禅师体高端冷笑话
发福利	福利是啥？美女？帅哥？笑话博览每周发福利满足你的各种愿望。小编精心收藏多年的精品福利等待和你分享。丰胸、长腿、性感、萌爆，只要光临笑话博览发福利频道，各种诱惑各种销魂让你分分钟把持不住。不用谢，请叫我们雷锋！	"发福利,美女.帅哥"	美女_帅哥
诺基亚	不容置疑诺基亚是个经典。几乎每个人生命中都会有一个诺基亚手机。诺基亚代表着强大，它可以砸核桃，当板砖，不是所有的神器都叫诺基亚，诺基亚绝对是手机中的战斗机。2014年，诺基亚即将消失，是什么原因导致诺基亚的倒闭？都怪诺基亚太TM结实了，摔都摔不坏，换新手机的机会都木有啊！	"诺基亚,神器诺基亚,微软收购诺基亚"	神器诺基亚_微软收购诺基亚
骗子	现在的骗子越来越机智，骗子骗人的招数花样百出，骗子防不胜防。同桌编了一条短信，给跪了！我也要发给我爸妈：广大家长，临近寒假，出现了一种新型短信诈骗方式，骗子假冒学校向家长发送期末挂科成绩单，以骗取挂科重修费，请各位家长朋友收到此类短信立刻删除，不要让骗子有机可乘！	"骗子,骗子短信,网络骗子"	骗子短信_网络骗子
保安	保安是指从事保卫治安工作的人。中国古代称为近身士卫，如包青天的展护卫，及代客运送财物的镖局。去银行有不懂的都可以咨询保安，他们是和扫地大妈一样的神人。保安也不是随便可以当的！每个保安都是一个哲学家，他们通常会问你三个问题：“你是谁？”“你从哪里来？”“你要到哪里去？”	"保安,北影保安,保安大叔,帅气保安"	北影保安_保安大叔_帅气保安
军训	军训绝对每个人难忘的日子，军训的有苦更有乐。军训过后脸黑的爸妈都不认识了。记得军训时。总是不停的练习军型拳。有一天晚上我们都睡得很熟了，突然听见一妹纸大叫一声“杀”。第二天，睡她旁边的同学脸上青了一大块。这件事一直被我们笑到了毕业。	"军训,军训笑话"	军训笑话
极品	极品指超越了同种事物到达了极限。街上看到极品翘臀MM屌丝们都激动了呢。在网络中极品常被缩写为JP，意为令人非常讨厌的人。极品年年有，今年特别多，你是否有极品同事？极品同学？如果再遇到极品男友或极品女友，那就太悲剧了，笑话博览网聚各种极品爆笑段子，没有最极品只有更极品！	"极品,极品女友,极品上司"	极品男友_极品女友_极品上司_极品段子
程序员	程序员这个群体真的伤不起！程序员为什么大都不招妹子喜欢？木讷？邋遢？通通不是。因为程序员追求的是：更短、更小、更快……不过妹子们一定要相信程序员都是好男人，因为他们每天码着代码对着显示器，不断的问自己：我他妈又错在哪儿了？！	程序员	
阿三	古人云：阿三一开挂，上帝都害怕！印度是个神一般的国度，造就了阿三这个逆天的种族！从孩童时代开始，阿三们就展示出开挂的特性：一岁能杀鸡、三岁打飞机、五岁开坦克、六岁穿铁衣。若问阿三谁能敌？全球汉子算个屁！在开挂般的阿三面前，神马牛逼都是浮云。不信？你就往下看......	"阿三,阿三笑话"	阿三笑话
哈士奇	"哈士奇是西伯利亚雪橇犬的一种。哈士奇外形酷似狼，但是又和狼有着明显区别,因为他们实在太二了！无论和什么狗在一起，哈士奇都是个二货。哈士奇是表情帝，和别的狗打架，哈士奇常常是输了气势却赢了表情。千万不要养哈士奇，因为他们调皮又无赖！"	"哈士奇,哈士奇搞笑图片,哈士奇笑话"	哈士奇搞笑图片_哈士奇笑话
老板娘	女的老板就叫老板娘，或老板的老婆也可以叫老板娘。我发现公司最有前途的岗位是前台，十年来该岗位诞生了一位老板娘，一位小三，一位副总经理，一位行政总监，一位营销总监一位财务总监，但是情况在三年前发生了改变，老板娘参与了前台人员招聘工作，然后这个岗位就此没落了。	"老板娘,老板,老板娘笑话"	老板_老板娘笑话
面包	"面包是外国人的主食,也逐渐被果然接纳和喜爱。面包夹牛奶是洋气的早餐搭配。同事买了一堆面包回来，大家正闹饥荒，都伸手去拿来吃，这时同事说了一句话，全体放手，不吃了。因为同事爽气地说：“吃吧，吃吧，没关系的。反正这面包买回家也是给儿子吃的。”"	"面包,烤面包,面包笑话"	烤面包_面包笑话
冰箱	冰箱是吃货的好朋友。最开心的事情就是冰箱里面满满都是好吃的。有一天我哥打开冰箱。亲哥看见冰箱里面有很多黄瓜。就问我你买这么多黄瓜干嘛？我说吃呀!减肥。他一边那饮料一边说，用过的别往冰箱放。用过的......我的亲哥呀，你的节操何在呀?	"冰箱,冰箱创意,冰箱贴,冰箱笑话"	冰箱创意_冰箱贴_冰箱笑话
乌龟	作为一只慢吞吞的乌龟，想要逗你开怀大笑可件是很简单的事情！做个小宠物，乌龟散步能累晕你；和兔子掀起新一轮比赛，可爱样子绝对萌翻你；玩个叠罗汉，乌龟可爱的样子真是笑喷了；哪怕是设计师心有灵犀之后，乌龟的可爱模样，都是一个伟大的建筑造型！	乌龟	
天然呆	宅若久时天然呆，呆到深处自然萌！据不可靠消息称：高达八成被称为“天然呆”的人其实是轻度腹黑，高达八成被称为“腹黑”的人内心是天然呆；表里如一的天然呆非常稀有。好好珍惜你身边的每一个“天然呆”，他们总会在不经意间给你带来欢乐。	"天然呆,天然呆笑话"	天然呆笑话
光棍节	光棍节指每年的11月11日，“光棍儿”代表单身，光棍节是流传在中国大陆年轻人的娱乐性节日。后来光棍节演变为网络购物狂欢节。在光棍节这天秀恩爱的情侣可要小心哦，众多的光棍节拆散情侣复仇计划让人防不胜防。不想过光棍节，就努力在光棍节前找个妹子脱光吧！	光棍节	
涂鸦	人们通常理解的涂鸦就是乱涂乱画。有创意的涂鸦也是一种艺术。美国女孩上课无聊，在大腿上涂鸦，你这么屌，你老师知道吗？路面涂鸦、街头涂鸦、还有大树上的涂鸦，和环境配合的真是完美。牛人吃个香蕉都能做出漂亮涂鸦，简直炫酷啊!	"涂鸦,手绘涂鸦,街头涂鸦,创意涂鸦,路面涂鸦"	手绘涂鸦_街头涂鸦_创意涂鸦_路面涂鸦
台词	台词是戏剧表演中角色所说的话语。经典的台词让人印象深刻，搞笑的台词让人笑得停不下来，笑话博览看多了，看女主角的台词感觉好内涵好邪恶！香港TVB经典台词被称为TVB体，“做人呢，最紧要就是开心。”“你饿不饿？我去煮碗面给你吃”这些温暖的台词真的很疗伤呢。	"台词,经典台词,TVB经典台词,内涵台词,邪恶台词"	经典台词_TVB经典台词_内涵台词_邪恶台词
糗大了	糗大了，指很出糗，很丢脸的意思。昨晚梦见俺女神和我在约会，后来抱上了猛亲，早上醒来发现糗大了，我是和爸爸睡觉的，我爸说：“知道你疼爸，可别动嘴哇！”尼玛，这下糗大了！	"糗大了,这次糗大了,这下糗大了"	这次糗大了_这下糗大了
圣诞节	"每年的12月25日,是基督教徒纪念耶稣诞生的日子,称为圣诞节。圣诞节的时候谁最忙？当然是圣诞老人。如果你圣诞节没有收到圣诞礼物，那应该是圣诞老人喝多了…圣诞节要送什么礼物？笑话博览圣诞节送礼物指南让你轻松俘获女神的芳心。"	"圣诞节,圣诞节礼物"	圣诞节礼物
和尚	和尚是对出家人的称呼。当了和尚要戒酒、戒色、戒赌，戒杀生。和尚犯了戒，就被称作花和尚。西游记里面的唐僧就是和尚中的典范。问：“中国历史上谁最屌丝？答：“孙悟空！拥有透视眼，穿墙术，隐身术及定身术。而拥有这些色狼们梦寐以求的神技的它，竟然跑去当和尚！”	"和尚,小和尚,花和尚,和尚笑话"	小和尚_花和尚_和尚笑话
女屌丝	女屌丝是和男屌丝类似的一个称呼。通常把又穷又矮又多挫折为特点的苦B女青年叫统称为女屌丝。网络上衡量女屌丝的标准：没买过比基尼，没有亮色指甲油，不会穿成套的内衣裤，从不穿5厘米以上的高跟鞋，超半年没有换过发型……伤不起，原来自己是个女屌丝啊	女屌丝_女屌_屌丝女士	女屌_屌丝女士
多么痛的领悟	多么痛的领悟，出自辛晓琪的歌曲《领悟》，网络形容让人难以接受的真相。瘦子穿什么都百搭，胖子穿什么都百搭，啊，多么痛的领悟！世上最远的距离，不是生与死，而是你喜欢一个女的，而她也喜欢女的，啊，多么痛的领悟。你之所以能看见一个女的女汉子的一面，是因为这个女的根本不喜欢你，啊，多么痛的领悟!	"多么痛的领悟,多么痛的领悟表情,多么痛的领悟笑话"	多么痛的领悟表情_多么痛的领悟笑话
恶心	恶心即重口味，令人感到非常的不适。骂人新技能：我一读书就恶心，今天听君一席话，胜读十年书。一句特别有正能量的话：除非你一早起来就喂自己吃一坨大便，否则就不能保证一整天不会遇到一件更恶心的事。	"恶心,恶心图片,恶心笑话,恶心电影"	恶心图片_恶心笑话_恶心电影
暑假	暑假是学生党最期待的日子。不过熊孩子们暑假这种事要低调啊，别每天在老娘面前得瑟，我只想问：你们暑假快乐么？期末考试考的好不好啊？！你爸妈给你们报了多少补习班啊？！老师给你们布置了多少暑假作业啊？！暑假马上就要结束了哦！	"暑假,什么时候放暑假,暑假笑话"	什么时候放暑假_暑假笑话
别人家的	从小到大，有一种奇特的生物叫做别人家的孩子。别人家的孩子总是争气，别人家的孩子总是那么乖。什么都是别人家的好。别人家的老婆那么贤惠，别人家的校服那么有型，别人家的男友都是那么浪漫，别人家的女友那么漂亮，就连狗狗也是别人家的乖！总之，别人家的都是无法超越的！	"别人家的,别人家的孩子,别人家的男友,别人家的老婆"	别人家的孩子_别人家的男友_别人家的老婆
校服	校服是学校为了规范管理，统一的着装。校服直接影响着一个学校的形象。同样是校服差距太大了，英国校服绅士，泰国校服性感，韩国校服清纯，日本校服可爱，中国校服用料最多……好在青春无敌，简单的校服在漂亮妹子身上也能穿出女神范儿。不要再埋怨校服丑了，其实是你长得丑而已!	"校服,校服女神,校服大赛,奇葩校服"	校服女神_校服大赛_奇葩校服
丧心病狂	丧心病狂指丧失理智，昏乱失常。丧心病狂的抢镜者雷人电视剧的结局总是那么丧心病狂让人猜不到！今天，弟弟拿了小学二年级的题目问我，我扫了一眼：“帮我去倒杯水。”然后飞快的百度一下，现在数学题目实在太丧心病狂了。	丧心病狂_丧失	丧失
给跪了	给跪了多用来表示佩服，膜拜，囧的意思。看到不作死就不会死的牛人，当时我就给跪了！表妹上大二了，趁暑假带她去商场买几件漂亮衣服，经过麻辣烫店门口她说什么也不走了，她跟我说哥，要不你把买衣服的钱省给我买吃的吧，只要有吃的，我裸奔也行啊尼玛，我当时就给这货给跪了……	"给跪了,当时给跪了"	当时给跪了
气球	气球在小孩子眼中是玩具。在情侣眼中是浪漫的象征。在神人眼中则是创意、搞笑的源泉。上小学的时候，姐姐经常用灌了水的气球丢我，一到夏天，我全身老是水淋淋的，一回家就被母亲呵斥。后来我实在忍不下去了，便偷偷把每个气球上都扎了眼儿终于逃脱了每日水灾。第二年的夏天，我妹妹诞生了。	"气球,热气球,搞笑气球,气球笑话"	热气球_搞笑气球_气球笑话
男神	网络中女孩把可望而不可及的男人统称为男神。每个年代都有不同的男神。每个女孩心中都有不同的男神标准。男神的一颦一笑都能让他们激动不已。最梦想就是和男神的亲密接触，醒醒吧，这是不可能的，除非你变成女神！男神如何养成？一句话说不清，但是胖绝对能毁掉一个男神！	"男神,男神老师,男神明星"	男神老师_男神明星
毕业照	毕业照也叫毕业合影是对青春岁月的一种纪念。每年到了毕业季，各种炫酷有才的毕业照就涌现出来。现在学生的毕业照都逆天了，复古民族风，创意错位，各种雷人恶搞毕业照层出不穷。毕业照不疯狂怎么行？！穿衣服拍毕业照太非主流了，地球已经无法阻止疯狂的毕业照了！	"毕业照,毕业照创意,最牛毕业照,恶搞毕业照"	毕业照创意_最牛毕业照_恶搞毕业照
车牌	车牌号是标识车辆身份的号牌，车牌号对车的意义就像身份证号对人一样。霸气的车牌总能吸引眼球。今天看见一保安在叫一辆车停好，那车车牌尾数是888，刚好开车是女的。保安在那喊：三八、三八，把车停到这边。那女的探个头看看看，保安接着说，就是说你三八，把这停到这边！都是车牌惹的祸啊！	"车牌,车牌号,逆天车牌"	车牌号_逆天车牌
秒杀	秒杀一词源自网络游戏愿意是一招制敌。网络中秒杀指在一秒让你非常动心的事情。网购中常用秒杀作为促销方式。我看我男友的前任给他留的各种QQ印象都是“猪猪猪猪猪...”“傻瓜”“讨厌”那些能腻出shi来的词。老子果断写上“活好又便宜，好评”秒杀她们十条街！	"秒杀,瞬间秒杀,淘宝秒杀"	瞬间秒杀_淘宝秒杀
低调	"低调表示一种谦虚谨慎的态度，不张扬。闪电总是击打最高处的物体,所以,做人要低调些。高端大气上档次，低调奢华有内涵。夏天到了，妹子们穿的那么不低调让屌丝男情何以堪。土豪们，你们就不能低调点么？随便就露出个茶叶蛋是在炫富吗？"	"低调,低调的奢华,低调奢华有内涵"	低调的奢华_低调奢华有内涵
来自星星的你	热播剧《来自星星的你》掀起收视狂潮后，迅速成为网友恶搞的热点。保守闷骚的男主角搭配精灵古怪的女一号，演绎出虐心而又幽默的情感喜剧：《来自星星的你》。网友们从恶搞都教授到各种版本的爆笑P图，再到《来自星星的你》全民大找茬，“玩星星”的热潮在笑话博览达到了顶峰。	来自星星的你韩剧	
学渣	学渣，也叫学灰，网络热词。指那些平时不努力学习，期末时才开始突击、临时抱佛脚的学生群体。一个学渣强迫自己学习时有多痛苦你造吗？每一个学渣都无法逃脱的悲惨命运就是挂科。空有学霸心奈何学渣命。考试什么的对于学渣来说就是重在参与。学渣逆袭？可惜啊，多数都是以失败告终了。	"学渣,学灰"	学灰
学长	长得帅的才能叫做学长其他的都只能称为“高三的”“大四的”……图书馆的自习室里，一对学弟和学妹卿卿我我，情到浓时男生邀女生出去走走。女生羞涩地说：“我喜欢这里的书香，不想出去。”听到这里，我默默地把穿了一天的运动鞋脱了。加油吧，学弟！学长只能帮到这了!	学长，学长只能帮你到这了，学长笑话	学长只能帮你到这了_学长笑话
点赞	“点赞”为一网络语言。来源于各大网络社区的“赞”功能。表示赞同、喜欢。有些人疯狂到看到什么消息都点赞，俨然已经成为了点赞狂魔。点赞狂魔们甚至是已发展成一个疯狂神秘组织——点赞党。据说微信专职“点赞党”月收入三四万元，这是真的么？	"点赞,点赞党,点赞狂魔,点赞联盟"	点赞党_点赞狂魔_点赞联盟
围观	围观通俗的说法就是看热闹。有些人就爱围观。不管什么事，总能看到一群不明真相的围观群众。一个人在繁华的大街上被汽车撞倒了，马上就有一群人路过围观。那个人神情恍惚地坐起来说：“我这是在哪里呀？”一个街头摊贩说:“先生，本地地图，5块钱一张	"围观,围观群众,路过围观"	围观群众_路过围观
给力	给力，中国北方的土话，表示给劲、带劲的意思。夏天，烧烤什么的最给力了。难怪生意好，店名太给力了。超市大妈绝对是给力一族。你知道吗？近视就像是网速不给力，当你不戴眼镜时，看到的画面就是流畅。当你戴上眼镜时，尼玛就变成超清了！	"给力,给力笑话"	给力笑话
火锅	火锅是一道中国人爱吃的美食，火锅分好多种，四川火锅、上海火锅、北京火锅…前天和几个哥们去吃火锅！点了个鸭火锅！不久隔壁来几个MM，点了个鸡火锅！一会她们鸡锅上来！二货哥们问服务员：我们先点的没上，人家后来的菜怎么先上了。二B服务员回了一句：你们是鸭，她们是鸡！顿时屋里一片安静！	"火锅,吃火锅,火锅笑话"	吃火锅_火锅笑话
垃圾桶	小时候爸爸妈妈都会骗孩子是从垃圾桶里面捡来的。有职业在垃圾桶捡东西的人称作拾荒人。今天出去取快递，在回学校的路上拆开包装准备丢进垃圾桶。当我靠近垃圾桶时，一个踩三轮的大爷正弯下腰捡垃圾桶旁边的纸箱。见我靠近，他抬起头对我说了一句可能会影响我终生的话：“你捡还是我捡。”	"垃圾桶,搞笑垃圾桶,垃圾桶笑话"	搞笑垃圾桶_垃圾桶笑话
失恋	喜欢一个人是什么感觉？觉得她身上有WiFi；失恋是什么感觉？本来能自动连上的WiFi突然连不上了；有一天，同桌没来，我问同学他怎么了，同学告诉我他失恋了。我正纳闷失恋怎么就可以不来了呢。第二天，我明白了。同桌来了，右手打着石膏——右手骨折。尼玛，这也算失恋么？	"失恋,失恋笑话"	失恋笑话
丈母娘	丈母娘是对岳母的俗称，指的是妻子的母亲。第一次见丈母娘是每个女婿最头疼的事。“听说你昨天去未来丈母娘家了?”“是的。简直就像受了满清三大酷刑一样。”“呵呵!哪三大酷刑?”“老丈人的眼神，丈母娘的唠叨。”“还有呢?”“女朋友的拿手菜!”	"丈母娘,丈母娘笑话"	丈母娘笑话
注定孤独一生	注定孤独一生简称为“注孤生”，是网络流行词语，形容注定独自一人生活。一女生害羞的说:亲爱的，我不想当处女了！男回到:你有病啊，我还不想当双鱼呢！天雷滚滚啊，尼玛，活该你特么单身没女友，屌丝注定孤独一生！	"注定孤独一生,注定孤独一生图片,注定孤独一生段子,注定孤独一生图片"	注定孤独一生图片_注定孤独一生段子_注定孤独一生图片
歌词	歌词是一首歌的灵魂，有时虽然忘记了歌名，那些经典的歌词仍会在脑海挥之不去。那些年，我们常常听错的歌词：夏天夏天悄悄过去，留下小咪咪？对于李代沫吸毒被抓，有网友改编《我的歌声里》的歌词，没有一点点防备，也没有一丝顾虑。你就这样出现在我的房间里，带给我警袭，还剩3克没来得及吸。	歌词，奇葩歌词，经典歌词，搞笑歌词	奇葩歌词_经典歌词_搞笑歌词
丝袜	"丝袜自诞生以来就成了妹子们扮靓的利器。丝袜的神奇之处在于，它可以瞬间塑造美腿。丝袜能穿出各种不同的风情。丝袜是性感的代名词,同时也吸引着色狼。现在公交车上的变态可真是多，昨天我就发现了一个穿着高跟鞋和丝袜的男人，TMD老子摸了半天才发现。"	"丝袜,搞笑丝袜,丝袜笑话"	搞笑丝袜_丝袜笑话
请假	某天问好友：“在医院上班感觉怎么样？”“其他方面还好，就是请病假太难了!”对于请假这件事，有些人表示毫不费力。“我有病，得治”“奶奶去世了，要回家去陪葬”这么奇葩的请假理由，简直不能不准啊！	"请假,请假条,请假理由,请假笑话"	请假条_请假理由_请假笑话
求婚	求婚最讲究的就是创意。多少男青年为求婚这件事伤透了脑筋。朋友和他女朋友是异地恋，在5.20那天他想向她求婚，于是想了个绝妙的点子。那天在火车站送走了女朋友后，他立马坐飞机到了她城市，拿着花在火车站等着她。随着火车进站，他却看到他女友挽着一个男的亲热的下了火车……这是我见过的最悲剧的求婚结局。	"求婚,求婚创意,求婚笑话"	求婚创意_求婚笑话
白富美	白富美，网络语言，指的是有钱、长得漂亮的女子。也指白痴，富态，臭美，具有讽刺意义。女屌丝对白富美充满着羡慕嫉妒恨。每一个白富美的身边都有众多渴望逆袭的屌丝。而屌丝往往会被白富美无情的鄙视。白富美可不是你想追就能追的到的，正常情况下，他们只爱高帅富。多么痛的领悟！	白富美	白富美妹子
腹黑	腹黑，来源于日本ACG界，通常用来指表面和善温和，内心奸恶而有心计的人。如果说小动物腹黑，意思是他们好萌啊。喵星人绝对是腹黑界的佼佼者。有个腹黑的同学伤不起，分分钟让你窘态毕露。和腹黑的朋友拍照，只有被抢镜的分了。遇到腹黑的父母，你只能感叹：我到底是不是亲生的？！	"腹黑,腹黑星座,腹黑朋友"	腹黑星座_腹黑朋友
心酸	心酸是内心悲痛、酸楚。屌丝的心酸高富帅是不会懂的。北漂的心酸说多了都是泪。昨晚，外甥兴奋地跑过来说:“舅舅，我当大官了，今天班上选班干部，我被选中当班长！”我突然感到一阵心酸:舅这辈子当过最大的官就是QQ群管理员……	"心酸,好心酸,心酸笑话"	好心酸_心酸笑话
愚人节	每年的四月一日，是西方的民间传统节日—愚人节，也称万愚节。愚人节这天人们以多种方式开周围的人的玩笑，愚人节的整人方法可使层出不穷，简直损到没朋友。如果愚人节这天女神突然像你表白，可不要当真哦。被整蛊的童鞋也不要生气，因为这天是愚人节嘛，愚人节这天拼的就是演技！	"愚人节,万愚节,愚人节整人"	万愚节_愚人节整人
国足	国足是对中国足球的简称。下午接修一台笔记本，键盘、主板一溜水儿的全砸烂了...汗哒哒的问机主那小伙儿:咋?哥们儿，和媳妇吵架了？小伙儿脸瞬间青了:没!昨晚上看国足了!几亿人找不到11个会踢足球的，对国足已经绝望了，有人说国足10年之内赶上世界一流的唯一方法——高考加一门足球。	"国足,中国国足,国足笑话"	中国国足_国足笑话
毁童年	童年是纯洁美好的，童年的影视动画片都印在我们深深的脑海里。可是有邪恶的人偏偏喜欢毁童年，毁童年都是重口味，分分钟让你崩溃！七个坦胸露乳的少年欺负一个穿着暴露的少妇，这居然葫芦娃，太尼玛毁童年了，毁童年，毁三观笑话博览很专业！	毁童年	
前任	前任是网友对前男友、前女友的的称呼。千万别和现任谈论前任，怎样都是死路一条，你懂的!我的前任是个极品，之前和前任在一起的时候，她和我说她癌症晚期了然后把我甩了，我当时哭的一塌糊涂。尼玛，结果前几天在街上看见她。七年了，还没死啊！极品前任伤不起啊！	"前任,我的前任是极品,极品前任"	我的前任是极品_极品前任
伪娘	伪娘指那些让他人被误认为是女性的男性。这世界太疯狂，极品美女居然是伪娘你相信么？伪娘们有着让女人嫉妒的容貌，一个个堪称妖孽。伪娘真是女人的天敌。网络世界更是伪娘当道，雌雄难辨，“这么可爱，一定是男孩子！”一句话毁三观，以后找女友可要小心谨慎哦，遇到伪娘可就伤不起了！	"伪娘,伪娘图片"	伪娘图片_最美伪娘_伪娘化妆
这不科学	这不科学，网络词语，经常用在一句话结尾，意为这样不合理，不符合道理。面对着平衡帝的杰作，我等凡人不得不感叹一句，尼玛，这不科学啊！网络美女个个都是锥子脸却有着雄伟的胸部，这不科学啊！萝卜、土豆都长成人形了，这不科学啊！笑话博览的内涵笑话我居然秒懂了，这不科学啊！	"这不科学啊,这完全不科学,这尼玛不科学"	这不科学啊_这完全不科学_这尼玛不科学
麻花扯个淡	笑话博览扯个淡，越扯事越乱。笑话博览小编吐血制作，和笑话博览们一起扯扯最热的话题，吐槽神马的都不在话下。图片很多，段子很多，搞笑的事情更多，让你一次笑出八块腹肌。抽个空评论下，还有机会跟大额麻币来个亲密接触。每天给自己放个假乐一下，那便是极好的！没事，就来跟笑话博览扯个淡呗！	"麻花扯个淡,扯淡,扯蛋,日刊"	日刊
茶叶蛋	台湾一档电视节目中，观众称“大陆吃不起茶叶蛋”，引起了茶叶蛋爆红网络，网友们纷纷晒出自己吃茶叶蛋的炫富照，茶叶蛋成为炫富新武器，屌丝求婚女神必备食物，爱她就送她一枚茶叶蛋戒指吧，女神表示宁愿坐在茶叶蛋摊哭，也不愿意坐在宝马车上笑，没有茶叶蛋的人生是不完整的，今天你吃茶叶蛋了么？	茶叶蛋，大陆吃不起茶叶蛋，茶叶蛋炫富	大陆吃不起茶叶蛋_茶叶蛋炫富
春晚	春晚即春节联欢晚会。每年春晚都备受瞩目，因为—又能吐槽了！就说最近的马年春晚，蔡明大妈上一年还在跳舞，今年春晚就坐轮椅了！这证明跳广场舞是没有好下场的。还有第一次上春晚就穿帮的魔术师，不就是变出了一根棍子么，我也能！现在看春晚就为了第二天和小伙伴吐槽的时候有共同语言啊有木有！	"春晚,春晚穿帮,春晚吐槽,春晚表情帝"	春晚穿帮_春晚吐槽_春晚表情帝
招聘	招聘是每个公司吸收新员工的最佳途径。毕业生去应聘，招聘人员问:“你在学校都考过什么证吗？比如英语四级，计算机二级什么的。”学生:“考过啊，我有很多证。”招聘人员很感兴趣，就问:“都有哪些证？”学生:“都是准考证。”	"招聘,招聘广告,招聘启示,最牛招聘"	招聘广告_招聘启示_最牛招聘
装逼	"装逼，网络词语，形容装腔作势，招人讨厌的意思。装逼遭雷劈，巴掌脸的妹子拿着iphone自拍然后抱怨自己脸太大了，瘦得不到一百斤的妹子惊呼自己快要胖死了,追的人可以组一个足球队的女神问我们她会不会嫁不出去…我只想说人生已经如此的艰难，再装逼我就劈死你。"	"装逼,装逼手册,装逼遭雷劈"	装逼手册_装逼遭雷劈
炫富	这是一个炫富的时代，土豪最热衷的就是炫富，神马名牌名车各种奢侈生活都要炫一下。更有丧心病狂的炫富者用人民币来点烟！这种炫富太没档次了！鄙视！神马才是炫富的最高境界？开上海牌照的车在北京的房子里吃切糕和茶叶蛋，深藏功与名！	"炫富,土豪炫富,炫富女"	土豪炫富_炫富女
腐女	腐女原指喜欢BL（boylove)男同性恋的女子。网络中腐女指无药可救的深度超女。每个腐女都向往着下辈子成为男人。腐女的世界正常人真的不懂。妇女和腐女的区别就是妇女喜欢聊男女，腐女喜欢聊男男。妇女的脑子里都是各种鞋包化妆品，腐女脑子里全是男男基情片段。腐女伤不起啊！	"腐女,腐女是什么意思,宅男腐女"	腐女是什么意思_宅男腐女
球迷	球迷，指球类运动的狂热爱好者。热情的球迷伤不起，球迷的疯狂程度不是我们可以想到的。女球迷总是赛场的一道风景。孩子：我发现老爸是个铁杆球迷！妈妈：你怎么发现的？孩子：通过他在我成绩单上的签字。零蛋下写着好球。	球迷，女球迷，伪球迷，球迷笑话	女球迷_伪球迷_球迷笑话
学姐	学姐是对高年级女生的一种称呼，和学长、学弟的叫法相似。学姐们的魅力是学妹们无法超越的。对面是大三女寝，晚上往对面一看全是些坦胸露乳的学姐，穿着裤衩在寝室活动。有伤风化！不知廉耻！我拿着室友的望远镜咬牙切齿地看了一晚上，内心久久不能平静。	"学姐,学长学弟,学姐笑话"	学长学弟_学姐笑话
呆萌	"呆萌，原为ACG界用语用以喻指那些纯情可爱萝莉或正太。网络中呆萌一词也常常用在萌宠身上。呆萌无辜的眼神谁都无法抵抗。总想找一个衣服上总会粘着牙膏印的女孩子来做女朋友,这样的姑娘迷糊，可爱，天真，呆萌，大大咧咧，不耍心机。最重要的是，她一定胸很大！"	呆萌，呆萌笑话	呆萌笑话
错觉	错觉是一种眼睛欺骗了心的现象。视觉错觉总是让人产生邪恶。人生三大错觉:手机震动、我能反杀、她喜欢我。学生的错觉：假期作业几天就搞定。微博控的错觉：拉完屎就闭关修炼不刷了！烟鬼的错觉，抽完这根就戒烟！屌丝的错觉：再见，苍老师。一切都是错觉啊！	"错觉,视觉错觉,错觉图片,人生三大错觉"	视觉错觉_错觉图片_人生三大错觉
膜拜	膜拜是古代的一种祭拜礼。网络多用“顶礼膜拜”形容对某人崇拜得五体投地。读初中时，上课睡觉，老师罚我做清洁，我拒绝了，同学投来膜拜的眼光。老师说:“请家长!次日，我请来我奶奶，奶奶:“啥?我花钱是让我孙子学习来了，不是扫地来的，让不让人读书了还!”当时，同学们就膜拜了！	"膜拜,顶礼膜拜,膜拜笑话"	顶礼膜拜_膜拜笑话
宗教	一句话告诉你，宗教有多幽默！佛陀曰：笑由缘生，恶随分灭。一切幽默法，尽是因笑话博览和，花起时起，花尽还无，不外如是！基督教强调：笑点高了，神的国度就近了！你们当悔改，多看笑话啊！当你们看笑话的时候，宗教总是见证着你们。	"宗教,教派,信仰,神明"	教派_信仰_神明
短笑话	短笑话又叫小笑话。笑话博览收录最经典最爆笑的短笑话。笑话不在长，一句话、两句话就能让你乐翻天。短笑话才是笑话的精髓所在。最短的短笑话能有多短？你一定想象不到。短笑话一则：刚才发誓再淘宝乱买东西就剁手……于是现在在淘宝上看假肢。更多笑抽筋的短笑话尽在笑话博览。	"短笑话,小笑话,黄色小笑话,短笑话大全"	小笑话_幽默短笑话_经典短笑话大全
朋友圈	朋友圈里奇葩多，朋友圈里的几种类型你最受不了哪种？约炮型、自恋型、怨妇型、文摘型、晒饭型？朋友圈可以总结为一副对联：自拍发吃新妈晒娃秀方向盘，养生鸡汤菩萨生辰给我点赞横批：香港代购如果有一天我屏蔽了你的朋友圈，不要问我为什么，只因为我买不起你卖的东西。	"朋友圈,朋友圈奇葩,朋友圈代购,朋友圈类型"	朋友圈奇葩_朋友圈代购_朋友圈类型
蔬菜	蔬菜是日常饮食必不可少的食物。小时候不爱吃蔬菜，都是被家里人逼着吃蔬菜。上英语课我睡觉了老师突然把我叫醒回答问题。老师：“番茄是蔬菜还是水果？”我：“水果....”这时我看见老师脸色不对，马上改口说：“是蔬菜”老师无奈的说我是叫你把这句子翻译成英语……	"蔬菜,搞笑蔬菜,蔬菜笑话"	搞笑蔬菜_蔬菜笑话
神作	神作这个词源于游戏界。网络中指特别的、神奇的杰作。PS大神逆天的神作让人不得不膜拜啊！不开挂不舒服的阿三也是神作不断。简直狂拽炫酷吊炸天。每次逛超市，都能惊喜的发现，超市大妈又出神作了！	"神作,动漫神作"	动漫神作
学妹	学妹是对同一个学校，低年级女生的一种称呼。大学新生入学，学长拿着表格让学弟学妹们填写：“只要填写一下个人资料就可以了！”大家们都纷纷上去填了，这时一位学妹A说：哎呀，怎么办啊？这里注明要写移动电话，我的是联通的，不写了！学妹B说：哎呀我是电信的，不写了。	"学妹,学弟学妹,学妹笑话"	学弟学妹_学妹笑话
泪奔	泪奔本意是流着泪奔跑。网络中泪奔代表了各种各样的心情。受了委屈可以“泪奔”，高兴的时候也可以“泪奔”，甚至焦急的时候，还可以泪奔。在家发现老婆的一瓶过期的爽肤水。就想教教老婆如何废物利用。百度一下，一个答案蹦入眼帘“给老公用”……顿时泪奔	泪奔_泪奔表情_泪奔图片_泪奔笑话	泪奔表情_泪奔图片_泪奔笑话
淫才	淫才，网络语言，是人才的意思。一妹子说说：据说，对我们女人不好的男人，下辈子都会做卫生巾。我想着妹子就够淫才的了，没想到二楼哥们回复：据说对我们男人不好的女人，下辈子都会做避孕套。自古二楼淫才多！我打破脑袋也想不出啊！	"淫才,淫才是什么意思,二楼淫才多"	淫才是什么意思_二楼淫才多
纯爷们	纯爷们，东北话，就是真汉子，特别男人的意思。因09年央视小品《不差钱》“纯爷们”一词流行起来。纯爷们就是霸气的代名词，纯爷们都是大口吃肉，大碗喝酒的，在纯爷们的字典里是没有“胆小”这个词的。纯爷们堆的雪人也是响当当的一条汉子！纯爷们最不能忍受的事情就是搞基！	纯爷们	
讽刺	讽刺指用比喻、夸张等手法对人或事进行揭露、批评或嘲笑。总有一些不遵守规则的人，于是公共场所出现了很多有才的讽刺标语。有的人话中带刺，开个玩笑就顺便把对方给讽刺了，不带脏字又能让人开心一笑才是讽刺的最高境界。“鲜花插在牛粪上”是常用的拒绝讽刺的经典语句。	讽刺	
苍蝇	夏天苍蝇蚊子什么的最讨厌了，一哥们儿躺沙发上睡觉，发现一只苍蝇落到了JJ的部位，想也没想就用手用力打了下去，然后，没然后了……大学的时候，辅导员开班会，对大家说，你们男生不要总沉迷网络，有那上网的时间都把被罩洗洗，脏得都能把苍蝇滑倒了……	"苍蝇,苍蝇怕什么,苍蝇笑话"	苍蝇怕什么_苍蝇笑话
浮云	浮云，比喻看得到却得不到的东西，网络流行语，神马都是浮云。对于牛人来说，生命什么的都是浮云。在彪悍的妹子面前，什么NB都是浮云。锥子脸什么的都是浮云，圆脸才是王道。抠着鼻孔看浮云，这才是人生。在淡定帝面前，一切都是浮云。	"浮云,神马都是浮云,一切都是浮云"	神马都是浮云_一切都是浮云
ATM	ATM又称自动取款机。你知道ATM取钱的正确姿势么？人生最苦恼就是ATM前排大队了，如果把ATM搬回家就好了。今儿排队去ATM机取钱，忍不住在里面放了一个屁，味儿巨怪无比，出来的时候隐约听见后面那哥们进去后传来一句:“我操，ATM机烧了？”	"ATM,atm,atm机,ATM笑话"	atm_atm机_ATM笑话
笑尿	笑尿了，网络上夸张的说法，意为太好笑了。几个男同事坐在一起聊天，我拿着手机念新闻，医学院最新研究结果，爱打飞机的人手心是黑的，一同事很自然的就看了手心，还说没有啊！当时我就笑尿了，十秒后所有同事笑尿了！	"笑尿,笑尿了,笑尿笑话"	笑尿了_笑尿笑话
小清新	小清新指一种唯美、清爽、自然的风格，如今小清新覆盖了音乐、摄影、文学多领域。小清新们也在网络中广泛活跃着，多以女生为主。小清新是小资的一种升华。如今网络流行一句话毁掉小清新。表面小清新实际很内涵。秒懂的不禁感叹，已经回不去当初的小清新了。	"小清新,唯美小清新,小清新美女"	唯美小清新_小清新美女_一句话毁小清新
人品	人品，网络词语。代表一个人的运气。今天我和一女同学玩LOL的时候，问她，你人品好吗？她说“在娘胎的时候没有被辐射，刚出生的时候没有被医生拐卖，小时候没喝过三鹿，上学时没遇到变态的校长，现在玩游戏没碰到过小学生，你觉得我人品怎样！”我了个去，你这是人品大爆发啊！	"人品,人品爆发,攒人品"	人品爆发_攒人品
茄子	茄子是常见的蔬菜。拍照的时候总是喊一声“茄子”。笑话看错了，茄子也邪恶了。昨天晚上趁女友睡着了，我突然想玩点刺激的。就去厨房用保鲜膜包了个最大的茄子去弄女友那。一会儿后女友兴奋地大叫：张东！再用力点。可是他么的我根本不叫张东……	"茄子,茄子邪恶,茄子笑话"	茄子邪恶_茄子笑话
厨师	厨师是以烹饪为职业的人。厨师是美味食物的创造者，不过有的厨师也善于制造黑暗料理。饭店，中午一顾客来吃面，吆喝老板：“一碗牛肉面，稀一点，不要汤！”老板说“好的。”，然后就去厨房了。不一会，一厨师拎着把菜刀出来了：“孙子，来来来，你教我怎么做？”	"厨师,大厨,厨师笑话"	大厨_厨师笑话
整容	整容是透过外科手术改善外貌的方法。我们认为整容很遥远，在日本和韩国，整容却是一件很平常的事。韩国是世界公认的整容业发达的国家。某些女明星一段时间不见，突然就变漂亮了。让人不得不怀疑她去整容了。整容有风险，整容就像一场赌博，看着明星们惨不忍睹的整容前后对比照，整容需谨慎啊！	"整容,韩国整容,整容失败,整容前后对比"	韩国整容_整容失败_整容前后对比
躺枪	躺枪即躺着中枪。就是自己什么也没做，被别人攻击了。屌丝总是莫名的躺枪，好悲催。手机短信没密码也没屏锁的，一看就是没人要连暧昧对象都没有。单身狗表示躺枪。网友问：为什么五官还算端正组合在一起却特别丑？神回复：你吃过五仁月饼么？五仁月饼躺枪！	"躺枪,躺着中枪,躺枪笑话"	躺着中枪_躺枪笑话
妈蛋	妈蛋，网络词语，粗口类似于“妈的”。因为和老婆吵架，我在门外已经坐了3个小时了。妈蛋，我终于忍不住踹门进去把她暴打了一顿！吵架就吵架！妈蛋！你改什么WiFi密码？	"妈蛋,妈蛋出处,妈蛋什么意思"	妈蛋出处_妈蛋什么意思
矫情	"矫情,取自北京土话，有“装假”,“装蒜”的意思。《甄嬛传》里华妃娘娘的一句“贱人就是矫情”在网络大热。遇到矫情的女朋友真是伤不起。女孩委屈地说：“请不要假装对我好，我很傻，会当...”“凌绝顶！一览众山小！”男孩突然气势磅礴地接道。以后看见女孩这么矫情就这么接了！"	"矫情,矫情是什么意思,贱人就是矫情"	矫情是什么意思_贱人就是矫情
裁判	逗比的裁判伤不起。女子七项全能又出裁判问题：德国一名女选手获得银牌，结果在终点被告知取消成绩，原因是她跑错跑道了。德国电视台全体动员，把全程的录像来回放了几遍，找不到任何证据。15分钟以后，裁判终于发现犯规的是隔壁跑道的那一位。	"裁判,搞笑裁判,裁判笑话"	搞笑裁判_裁判笑话
私房钱	私房钱指夫妻双方中某一方私藏下来的钱，以备不时之需。私房钱藏在哪？是困扰每个已婚男士的难题。手机、香烟、皮带、拖鞋都是藏私房钱的好地方。我同学他爸爸喜欢把钱藏在衣柜里，这么简陋的地方早晚要被发现，果然，有一天他在藏私房钱的时候，被藏在衣柜里的王叔叔逮个正着....	"私房钱,藏私房钱,男人藏私房钱,私房钱笑话"	藏私房钱_男人藏私房钱_私房钱笑话
春运	“春运”被誉为人类历史上规模最大的、周期性的人类大迁徙。比起春运什么动物大迁徙都弱爆了。感受过春运的人都知道春运有多难。春运买票难，春运喝水难，春运世界上最遥远的距离不是我在你身边你却不知道我爱你……而是“没有了，连站票也没有了！”春运伤不起啊！	"春运,春运抢票,春运时间,春运伤不起"	春运抢票_春运时间_春运伤不起
上铺	大学时候睡上下铺，有一天寝室里有俩兄弟心血来潮换床铺睡。原来睡上铺的睡下铺，原来睡下铺的睡上铺。第二天一早，睡在上铺的兄弟鼻青脸肿的哀嚎：“我擦，昨晚半夜起来去厕所，忘了自己睡上铺，一脚迈出去，没把我摔死。”睡在下铺的兄弟更委屈：“昨晚想去厕所，摸了几次没摸到梯子，我就憋着没去”	"上铺,睡上铺,上铺下铺,上铺笑话"	睡上铺_上铺下铺_上铺笑话
爸爸去哪儿	《爸爸去哪儿》是2013湖南卫视的亲子户外真人秀节目。《爸爸去哪儿》第一季中五个萌娃给网友留下了深刻的印象。《爸爸去哪儿》的主题曲也大红大紫。爸比，你会唱小星星吗？这首歌在街头巷尾传唱开来。2014《爸爸去哪儿》第二季播出了，又会有怎么样的惊喜呢？	"爸爸去哪儿,爸爸哪儿第二季"	爸爸哪儿第二季
洋气	洋气就是时尚的意思，相反的就是土气。洋气的美女会吸引男人的目光，洋气的名字让人印象深刻。小时候每当我伤风，母亲都会为我冲一杯咖啡。如今我走遍两岸、上岛、星巴克都见不到小时候喝的那个牌子，还依稀记得它有一个很洋气的名字：板蓝根！	"洋气,洋气的名字,高端洋气"	洋气的名字_高端洋气
死党	出生入死、两肋插刀的朋友才能成为死党。和死党在一起时最放松。死党要慎交，因为他们总是趁你不注意恶搞你。有一次住院，死党竟然送了碗鸡汤来，当时蛮感动，但是喝着怪怪也就没多说什么，出院以后在一起吃饭，问到他什么时候会熬鸡汤的，一问才知道，那TM的是鸡汤味的方便面调料。	"死党,死党笑话"	死党笑话
心塞	心塞，网络新兴词。意为心里堵得慌。每次看到账户的感觉很心塞。和女朋友语音聊天，问她“你为什么喜欢我啊？”她回答“因为都比你丑啊。”我顿时被感动的泪流满面，立马文字再问一遍，想截图秀恩爱，可她发的却是“因为逗逼你丑啊。”……心塞，感觉不会再爱了	"心塞,心塞是什么意思,心塞笑话"	心塞是什么意思_心塞笑话
战斗民族	战斗民族顾名思义是骁勇善战的民族。笑话中一般指的是俄罗斯。战斗民族的日常你能想象的到么？战斗民族的女汉子更是威武霸气，就连战斗民族的孩子也让人膜拜。战斗民族的健身方式你猜不到。敢招惹战斗民族，你死定了。战斗民族你们为何这么屌？	"战斗民族,战斗民族日常,战斗民族欢乐"	战斗民族日常_战斗民族欢乐
教官	教官是军训时学生们最亲近，最熟悉的人。平时严肃的教官也有可爱，犯二的一面。军训点名，教官没念到我，却说：“XXX又没来。”我觉得他可能是瞎，就大声讲：“教官，你漏点了！”教官一惊，赶紧用双手护住自己的胸部。	"教官,军训教官,教官笑话"	军训教官_教官笑话
富二代	富二代，是指继承巨额家产的富家子女。昨天晚上老公教育八岁女儿：“你好好学习，长大后就可以当富二代了。”女儿不服气，问：“你又不是富一代，我怎么成富二代？”老公说：“你可以挣钱以后给我啊，那你不就成富二代了！”女儿瞪圆了眼，脸憋得通红半天整出一句：“你还要点脸不？”	"富二代,富二代炫富,富二代笑话"	富二代炫富_富二代笑话
吐血	吐血指对某人或者某物感到极其无奈，一种想去死的感觉。坑爹的奇葩字幕真是让人吐血。看了熊孩子写的作业，老师都要吐血身亡了。一中学生物老师如何解释女生月经：你们这个卵子啊，等不到精子，那叫一个郁闷啊，边走边吐血……老师你这解释真让人吐血啊！	"吐血,吐血了,吐血笑话"	吐血了_吐血笑话
打酱油	打酱油，网络用语，相当于“路过”，表示不清楚某事，与自己无关，不参与讨论。别理我，我就是来打酱油的，马上走。每次考试学渣们就像打酱油的。同学的孩子都已经会打酱油了，你还是单身一人，太悲催了。总有一帮人喜欢围观，他们就是传说中的酱油哥。打酱油，他们最专业！	"打酱油,酱油哥"	酱油哥
近视	近视伤不起，看什么都是朦胧美。每一个近视眼都是折翼的天使。相信每一个近视眼的童鞋在理发的时候都会有相同的经历，理发师问你剪成这样行么，你笑笑说挺好的，带上眼镜一看，心里来了一句，我擦，咋剪成这B样了！	"近视,近视眼,近视眼笑话"	近视眼_近视眼笑话
技术宅	技术宅是“宅”的一种高级进化形态，技术宅是一个人类无法阻止的强大的存在，技术宅拯救世界，技术宅的发明总是那么逆天！男朋友是技术宅刚才打电话来说，今天是我们谈恋爱1024天，晚上庆祝一下！1024天有什么好庆祝的？这货说：我们谈了1个G的恋爱！技术宅伤不起啊！	"技术宅,技术宅社区,技术宅拯救世界"	技术宅社区_技术宅拯救世界
萌妹子	萌妹子就是指很卡哇伊的，清纯可爱的女孩。萌妹子都是治愈系。萌妹子与软妹子类似，主要特征是目光依依，嗓音柔柔，腰身软软，有点天然呆，性格温柔体贴。萌妹子和萝莉的区别在于萌妹子不受年龄的限制。当萌妹子化身女汉子，小伙伴都惊呆了！	"萌妹子,软妹子,萝莉,萌妹子图片,动漫萌妹子"	软妹子_萝莉_萌妹子图片_动漫萌妹子
吐槽欢乐汇	吐槽是针对被吐槽人的离谱的言行，用客观公正毫无争议、又通俗简短的方式回应对方，以达到揶揄或感慨的娱乐性的目的。欢乐吐槽汇，笑话博览带大家一起神吐槽！	"吐槽欢乐汇,神吐槽,无力吐槽"	神吐槽_无力吐槽
杀猪刀	"岁月是把杀猪刀,紫了葡萄,黑了木耳,软了香蕉。有天我问他：“老公，都说时间是把杀猪刀，你看我是不是显老了啊？”他说：“不是啊。”我心里窃喜，又说：“真的吗？”他坚决答道：“真的不是，在你身上，岁月不是杀猪刀，而是猪饲料！”"	"杀猪刀,岁月是把杀猪刀,时间是把杀猪刀,杀猪刀笑话"	岁月是把杀猪刀_时间是把杀猪刀_杀猪刀笑话
火车票	火车票，出行、回家旅途必备。尤其到了春运，火车票更是一票难求。女：我们分手吧。男：为什么？女：考试考完了，不用你在图书馆抢位置了。男：哦，可是我有两张春运的火车票。女：讨厌，其实人家和你开玩笑的。没有火车票伤不起，有了火车票爱情都能失而复得啊。	"火车票,春运火车票,订火车票,抢火车票"	春运火车票_订火车票_抢火车票
新手	马路上常会看到“新手上路，请多包涵”可见新手司机是一种多么可怕的生物，比新手司机更可怕的你知道是什么吗？他们就是—女新手！一女闺蜜下决心考驾照了，考之前就想好了新手上路时要用的“法宝”，什么“我是新手我怕谁”之类的都弱爆了。她这么写道：我上路了，你也想上路吗？	"新手,新手开车,新手上路,新手笑话"	新手开车_新手上路_新手笑话
嚣张	"嚣张,形容邪恶的势力的放肆。或者人的气焰很盛。两老鼠结婚后，母老鼠越发嚣张，一天晚上公鼠想吓唬她一下，就到家门口学猫叫。妻子不但不怕反而柔情的说：“猫哥，别叫了，我老公还没出差呢。”尼玛，这也太嚣张了！"	"嚣张,太嚣张,嚣张笑话"	太嚣张_嚣张笑话
泡妞	泡妞技巧，泡妞秘籍都太虚了，其实只要你是个土豪，泡妞就很简单。和女同事逛街，一个卖花小女孩跑过来拉着我说：哥哥，买朵花送姐姐吧？我说：你看哥哥没带钱。小女孩看了看我瘪瘪的兜，可爱单纯的脸瞬间垮了下来。说了句：叔叔，没钱就不要出来泡妞，浪费大家时间！	"泡妞,泡妞秘籍,泡妞笑话"	泡妞秘籍_泡妞笑话
且行且珍惜	且行且珍惜，2014年3月31日马伊琍微博回复文章出轨事件！全文如下：恋爱虽易，婚姻不易，且行且珍惜。短短十三个字，暗示其已经原谅了文章。此前文章一直被认为是好男人，这次出轨出乎很多人的意料。因此很快就被网友进行了各种恶搞，而马伊俐的且行且珍惜也成为为网络热门词汇，被广大网友熟知。	"且行且珍惜,且行且珍惜是什么意思,且行且珍惜体"	且行且珍惜是什么意思_且行且珍惜体_且行且珍惜马伊琍
女司机	女司机被称为“天生的马路杀手”，虽然形容有些夸张，但足见女司机开车是多么的霸气。女司机伤不起，新手女司机更加无敌。女司机就不知道有手刹这个东西，我发誓以后再也不坐女司机的车了，老子头一次见都快追尾了不踩刹车而是捂眼睛的...	"女司机,新手女司,机霸气女司机,女司机开车"	新手女司_机霸气女司机_女司机开车
雨伞	雨伞是遮阳、挡雨的神器。大头大头，下雨不愁，人有雨伞，我有大头。下雨天忘带伞，牛人有奇招。塑料袋可以当雨伞，铁锅可以当雨伞，垃圾桶可以当雨伞。一片树叶也能当雨伞！你们的雨伞这么高端，你家人知道吗？终于知道这么多雨伞厂倒闭的原因了。	"雨伞,雨伞图片,搞笑雨伞,雨伞笑话"	雨伞图片_搞笑雨伞_雨伞笑话
穿帮	穿帮就是“露馅了、暴露了”的意思。穿帮镜头指在影视剧拍摄中的错误。在火眼金睛的网友眼里，没有不穿帮的影视剧。搞笑的穿帮镜头总给人一种强烈的穿越感。2014年春晚穿帮的魔术让观众大呼伤不起！穿帮无处不在，笑话博览各种雷人爆笑穿帮镜头大集合让你一个笑个够！	"穿帮,穿帮镜头,穿帮图片"	穿帮镜头_穿帮图片
年会	年会指公司一年举行一次的盛会。一到年底，就到了各公司晒年会的时候。同样是年会差距真是太大了！别人家公司的年会都是各种让人喷鼻血的长腿美女你们公司的年会却是一群大佬爷们反串！土豪公司的年会奖品都是真金白银和豪车，屌丝公司呢，有套套还有芹菜，坑爹啊！	"年会,年会美女,奇葩年会,年会创意"	年会美女_奇葩年会_年会创意
井盖	井盖就是下水井的盖子。在牛人的手里，井盖也可以很萌，看到可爱的井盖都忍不住想要偷一个了。井盖有危险，班上有一胖妹子，请假说在来学校的路上掉进了井盖！全班去医院慰问哈。只见她好端端地坐在医院急诊室室啃零食。问伤势如何。她说：卡屁股了，没掉下去…	"井盖,偷井盖,井盖笑话"	偷井盖_井盖笑话
气场	出来混，最重要的是气场。气场强大才是真的强大。喜欢公交车最后一排正中央的位置，很有气场。没人站着的时候一眼到头，前方的路有多长就多有气场。挨两边坐的是心腹，左边言官右边一溜大将军，站着的是有本要奏的，急刹车的时候还真有人跪。当然，王有时候也会摔下来，很符合历史规律。	"气场,气场强大,气场笑话"	气场强大_气场笑话
幽默笑话	幽默笑话是笑话的更高一层。幽默笑话不仅能让人笑，更能在笑过之后思考出许多道理。笑话博览网聚各种经典幽默笑话，幽默段子，最新幽默笑话，海量爆笑幽默笑话。看幽默笑话就来笑话博览！	"幽默笑话,幽默,爆笑"	
秋裤	秋裤不好看，但却是必不可少的御寒神器，漂亮的妹子露出秋裤是一件很尴尬的事情，同样是秋裤穿到模特身上就可以穿出高贵冷艳的时尚感，一场秋雨来，降温十几度。若不穿秋裤，后果请自负。有一种思念叫望穿秋水，有一种寒冷叫忘穿秋裤！	"秋裤,秋裤体,秋裤门,苏州秋裤"	秋裤体_秋裤门_苏州秋裤
二奶	"二奶泛指男人除原配夫人外，以夫妻名义共同生活的女人。小三和二奶的区别：小三以转正为目的,二奶以赚钱为目的.小三需要的是“我爱你”，二奶需要的是“我养你”小三可能沦为二奶，二奶不会变成小三。在这世界上，管钱的是老婆，要钱的是二奶，不花钱只恋爱的通常是小三。"	"二奶,小三,破鞋,妾"	小三_破鞋_妾
运动会	为班上争光，在什么情况下，老师才会想起学习成绩差的学生？答：运动会。我们小时候运动会只是一个为班级争光的比赛。如今，运动会成为学生们展示才华的舞台。运动会上奇葩多。运动会上各种穿越、各种动漫人物出现，堪比cos会展。看着那么多高大上的运动会，瞬间感觉我们以前的运动会都弱爆了！	"运动会,运动会笑话"	运动会笑话
绿帽子	绿帽子，指那些不守妇道背着自己男人偷汉子的事情叫做给自己的男人戴了“绿帽子”。娶个漂亮的媳妇最担心被戴绿帽子。昨天晚上和老婆睡觉，老婆睡着了说梦话，内容如下—你干什么？我有老公了，不要，我老公就在附近，给钱也不行，哇，二十公分，那你快点。妈的，我能说她给我带绿帽子么？	"绿帽子,戴绿帽子,绿帽子笑话"	戴绿帽子_绿帽子笑话
广场舞	在中国各地从早到晚，都能看到广场舞的影子。热衷广场舞的一般都是大爷大妈。人类都无法阻止广场舞大妈了。忍无可忍，都有业主买高音炮对付广场舞大妈了。广场舞的特点就是扰民。春晚上，蔡明前一年还在跳舞，今年就坐轮椅了！这证明跳广场舞是没有好下场的。	"广场舞,广场舞大妈,广场舞扰民"	广场舞大妈_广场舞扰民
土豪金	2013年苹果发布手机产品iPhone5S加入了香槟金色，金色是在中国是身份和地位的象征，所以该颜色在网络上被调侃为“土豪金”。土豪金代表就是高端大气上档次。而后，土豪金开始大范围流行，从土豪金汽车、土豪金内衣再到土豪金马桶，完全是亮瞎眼的节奏！	"土豪金,苹果5S土豪金,土豪金内衣,土豪金汽车,土豪金马桶"	苹果5S土豪金_土豪金内衣_土豪金汽车_土豪金马桶
打飞机	“打飞机”指自慰、手淫。全班五十多人，没女的，高数老师是个美女。一日上课，班长趴在桌子上，老师问：“班长你干啥呢？”后面有个逗比说：“打飞机呢。”然后班级里就沸腾了。老师也红着脸解释：“哦，微信的那个打飞机吧？”后面又有人说：“老师，你想多了。”然后老师的脸更红了！	"打飞机,打飞机笑话"	打飞机笑话
驾校	驾校是学车的地方，驾校里的逗比事件多。今天去驾校学车，路上遇一只鸭子过马路，教练问开车学员：“遇到这种情况怎么办？”学员回答：“没拿驾照以前减速降档避让鸭子。”教练：“拿了驾照之后喃？”学员：“碾过去，捡起来，拿回去，烧烤！这样的驾校真让人无力吐槽啊！	"驾校,驾校教练,驾校笑话"	驾校教练_驾校笑话
年终奖	年终奖是指每年度末企业给予员工的奖励。每年年底都有很多网友在网上晒各种奇葩年终奖。同样是年终奖，差距怎么那么大？有人是苹果五代，有人却是五袋苹果。最令屌丝羡慕的年终奖就是和女神共度一天。当别人在晒年假、晒奖金、晒年终奖、晒福利的时候，我只能默默跑到阳台去晒衣服……	"年终奖,晒年终奖,奇葩年终奖"	晒年终奖_奇葩年终奖
女王	女王象征着高贵。同学说，所谓的女汉子，只不过是因为长得丑而已但凡有些爷们气质的漂亮姑娘，都被称为女王大人。跟女汉子过日子。睡觉常听到的不是：老公，你压到我头发了。而是我经常说：女王陛下，翻翻身，您又打呼噜了。	"女王,冰雪女王,女王大人,女王笑话"	冰雪女王_女王大人_女王笑话
岛国	岛国原指一个国土完全坐落于一个或多个岛屿之上国家，网络中指日本。宅男的爱好就是看看岛国大片，你懂的。今天看到侄子在玩电脑，走过去一看，尼玛，在看岛国片...谁知这孩子说：叔叔，电脑坏了，衣服都显示不出来...我TM抽死你...	"岛国,岛国是什么意思,岛国片"	岛国是什么意思_岛国片
撞衫	撞衫是一件很尴尬的事情。明星撞衫更是“惨剧”。无论日常街拍还是隆重的红毯上，都会看到明星撞衫的尴尬时刻。范冰冰、舒淇都是女星撞衫专业户，作为曲艺界潮男，郭德纲可以称为撞衫帝。网友说老郭和其他明星撞衫简直就是淘宝模特和自己穿的效果对比，人艰不拆！	"撞衫,明星撞衫,郭德纲撞衫,范冰冰撞衫,撞衫专业户"	明星撞衫_郭德纲撞衫_范冰冰撞衫_撞衫专业户
节日	节日是最开心的日子，因为这天可以—放假！除了春节、中秋节、端午节等传统节日，情人节、圣诞节、光棍节等越来越多的“洋”节日和网络节日越来越火。光棍节我果断的跟女朋友分手，女友又哭又闹，问我是不是外面有女人了，我无奈的说了句:过节了，要有点节日的气息……	"节日,节日图片,节日祝福,传统节日"	节日图片_节日祝福_传统节日
俯卧撑	俯卧撑是常见的健身运动。网络用语的“俯卧撑”已经替代了前网络用语“打酱油”，表达了对时事不关心、不评论，只做自己事的态度。所谓的屌丝就是，大冒险输掉，女的躺下男的在上面做俯卧撑，大家做几个就都趴在女人身上了，唯独我一口气一百个，不费劲儿！	"俯卧撑,打酱油,俯卧撑笑话"	打酱油_俯卧撑笑话
胸器	胸器故名思议就是胸部特别宏伟，很多网络游戏的女性角色都拥有着傲人的胸器。胸器外露的MM总是能吸引更多的目光。有了胸器就有才会有事业线，林志玲、柳岩成为宅男女神的原因之一就是他们的人间胸器。很多女明星出道时胸部平平，过了一段时间却突然上围激增，不得不让人怀疑他们是伪造胸器啊！	"胸器,人间胸器,傲人胸器,伪造胸器,胸器外露"	人间胸器_傲人胸器_伪造胸器_胸器外露
恶作剧	恶作剧是故意捉弄他人的行为。涂鸦、恶搞、整人都是恶作剧。老外整人的恶作剧堪称层不不穷，丧心病狂。不作死就不会死，恶作剧都没有好下场。和媳妇去银行汇款。她先进去填单，我去停车。停好后进银行，看到媳妇的钱在口袋露出一半，想恶作剧，假装偷掉，吓吓她。刚伸出手，被保安一脚踹出三米远。	"恶作剧,整人恶作剧,恶作剧笑话"	整人恶作剧_恶作剧笑话
网管	网吧网管总是屌丝的知音。去网吧上网，坐在一大排机子的末端，不一会儿整排机子都停电了。玩家各种闹呀，摔鼠标的、砸键盘的。网管过来查看，原来是我把插座踢开了。他插上之后也没说什么。过了一会我又踢开了网管过来说：“你赶紧走吧！要是让那帮玩游戏的知道了我们可保证不了你的安全！”	"网管,网吧网管,网管笑话"	网吧网管_网管笑话
手贱	手贱绝对是现在大家的烦恼来源之一！你本来心情不错，手贱看下TA的主页，看到状态对号入座一下，看Ta过得好了吧，心里又不平衡。你本来学习状态中，手贱玩手机，说只玩五分钟，聊起天来N个五分钟，刷了半小时状态全无。你本来不饿，手贱开了吃的，然后一吃就停不下来。珍爱生命，远离手贱！	"手贱,手贱笑话"	手贱笑话
多大仇	“多大仇”源于自爆贴。一般用“这得多大仇啊”来吐槽一个人的长相。那些浴室自拍不在意他们感受的MM，你和别人有多大仇啊！那些作死的敢戏弄老师的熊孩子，你和老师有多大仇啊！看了明星雷死人不偿命的造型，不禁叹道，这设计师到底和你有多大仇啊！	"多大仇,多大仇啊,这得多大仇啊"	多大仇啊_这得多大仇啊_大仇已报
爆菊	爆菊，又称菊爆、鸡奸，看过火影忍者的应该知道卡卡西的千年杀，，双手合十，两个食指顶的部位就是菊花。少儿不宜的话题哦。爆菊是一件凶残的事情。爆菊的后果就是菊花残，满地伤。捡肥皂的时候最容易被爆菊了。看到室友销魂的睡姿，这是求爆菊的节奏吗？	"爆菊,爆菊花,爆菊椅,爆后庭花"	爆菊花_爆菊椅_爆后庭花
成人笑话	笑话博览为您提供海量成人笑话，最经典的成人笑话，夫妻笑话，男女笑话，爱情笑话，成人笑话少儿不宜，能看懂内涵的成人笑话说明你已经不再单纯了。一女买家写给成人用品卖家的好评：“我已经没有力气写好评了”成人笑话看多了，顿时感觉邪恶了，一入笑话博览深似海，以前羞羞的成人笑话竟然秒懂了！	"成人笑话,经典成人笑话,成人笑话大全,男女笑话"	经典成人笑话_最新成人笑话大全
猪一样的队友	俗话说不怕神一样的对手，就怕猪一样的队友。315打假晚会，何润东凭一条“8:20发”的微博被称为猪一样的队友。猪一样的队友害死人啊。昨天劳资上班时侯出去办点事，准备回来时怕被老板逮正着。就打电话问二货同事：“老板在不在？”二货说：“老板在呢。”直接把电话给老板了！真被猪一样的队友蠢哭了。	"猪一样的队友,神一样的对手,就怕猪一样的队友"	神一样的对手_就怕猪一样的队友
深藏功与名	“深藏功与名”，原意是不显露自己的才华和功名。网络用来形容那些做完好事、大事却深藏不露、不为人知的人。半夜热醒下床随手给室友盖上被子，深藏功与名。教大家一个简单快捷识别假钱的办法：用打火机把钱点燃，烧完后呈灰色，就是真钱；如果烧完后呈黑色，就是假钱。深藏功与名。	"深藏功与名,人艰不拆,深藏功与名笑话"	人艰不拆_深藏功与名笑话
傲娇	"‘傲娇’,日本萌属性的一种,指在不同环境条件下,会从蛮横、任性,变成害羞、体贴。傲娇的妹子伤不起。一同事头发忒长，已达腰部，之后她让我拍照，发进空间，标题写着：我已长发及腰……没过几分钟，一神回复，遮住一身肥镖，纵然虎偝熊腰，也要高冷傲娇！"	"傲娇,傲娇是什么意思,傲娇受,傲娇笑话"	傲娇是什么意思_傲娇受_傲娇笑话
干脆面	干脆面一方面指统一小浣熊牌干脆面，是儿时一种的小吃。另一方面网络用干脆面君代表小浣熊。除了汪星人和喵星人，干脆面君已经成为最萌最可爱的小动物之一。因为这货实在太贱了。调皮、好色、没有它抢不到的食物。干脆面君绝对是一种为吃而生的动物，吃货中的极品。	"干脆面,干脆面君,小浣熊,干脆面笑话"	干脆面君_小浣熊_干脆面笑话
自恋	自恋，形容自我陶醉的行为或习惯。女人特容易对自己的姿色产生盲目自恋。班上一妹子，脸皮厚，很自恋，但长相却不敢恭维。一天，上自习课，她特突然地对男同桌说：“那些有车有房的男生才能配得我！”全班女生投来崇拜的目光。男同桌连头都没抬就来了一句：“我回家就把车和房卖了。”	"自恋,自恋狂,自恋笑话"	自恋狂_自恋笑话
帅呆了	帅呆了形容很帅很帅。富翁：“当年我身无分文，走投无路的时候，你妈一眼就看上了我，你说你爹我当年是不是帅呆了。”儿子疑惑地问老妈：“老爹当年真的帅呆了？难道是最近长残了？”老妈：“当然，当年你老爹身上一分钱都没有，开着保时捷迷路的样子帅呆了。”这就是现实……	"帅呆了,帅呆,酷毙了"	帅呆_酷毙了
神同步	神同步就是同步率很高的意思。听音乐时，喵星人和主人神同步，这就是默契！很多父子俩、母子俩睡姿那么神同步，让人更加确信，这一定都是亲生的！孪生兄弟们不仅睡姿神同步而且表情神同步！逆天了有木有！	"神同步,神同步舞蹈,神同步睡姿,神同步表情"	神同步舞蹈_神同步睡姿_神同步表情
备胎	备胎原指汽车的备用轮胎。“爱情备胎”指情感归宿的备份。女神突然联系你了，正常，他在找备胎。突然不联系你了，也正常，你只是个备胎。有一天又联系你了，更正常，你是一个好备胎。接着又不联系你了，依然正常，有比你好的备胎出现了。	"备胎,备胎的自我修养,爱情备胎"	备胎的自我修养_爱情备胎
下铺	百年修得同船渡，千年修得上下铺。每个宿舍都有一个很活跃的上铺，和一个提心吊胆的下铺。请珍惜睡在下铺的兄弟。学校周末，姐们在宿舍闲谈。不知哪位大神说起曾经风靡一时的“黄瓜门事件”只听下铺妹子悠悠说道：这年头黄瓜都靠不住了，何况是男人。下铺同学，你的节操呢？	"下铺,上下铺,下铺笑话"	上下铺_下铺笑话
技术活	技术活指有知识技能和操作技巧的工作。投胎绝对是门技术活，有人一生下就是小王子，而你一生下就是小屌丝。取名字绝对是个技术活，比如说英国威廉王子刚生个儿子，给小王子取名叫“GeorgeAlexanderLouis”。结果，被中国网友翻译后变成了“搅基&#8226;压力山大&#8226;撸一世”。	"技术活,生活是项技术活,投胎是门技术活,起名是个技术活"	生活是项技术活_投胎是门技术活_起名是个技术活
异地恋	异地恋顾名思义就是相隔两地的恋爱。维持异地恋不容易，异地恋的成功率很低，异地恋开花结果的都是真爱。刚过十二点，给异地恋女朋友打电话，她睡意朦胧的说她瞌睡了，要挂电话了。过了十分钟还是忍不住思念啊，又给她打了一次，结果占线了…异地恋伤不起啊！	"异地恋,维持异地恋,异地恋成功率,异地恋伤不起"	维持异地恋_异地恋成功率_异地恋伤不起
劫匪	劫匪顾名思义是以打劫、抢劫为目的的匪徒。遇到逗比的劫匪，警察叔叔都忍不住笑了。最近楼道抢劫的特别多，要注意安全。特别是女孩子，半夜在楼道里遇到劫匪，千万别喊救命啊，抢劫啊不一定有人出来帮你，你要喊着火了，着火了整个楼道的都出来了。对付劫匪的新技能你学会了么？	"劫匪,抢劫,搞笑劫匪,劫匪笑话"	抢劫_搞笑劫匪_劫匪笑话
硬伤	硬伤意思接近于缺陷、不足。智商是硬伤、长相是硬伤、工资是硬伤、说多了都是泪。上学时，我妈说：“儿子，你什么都挺好就是学习不好。”工作了，女友说：“老公，你什么都挺好就是钱赚的少！”人生优点就被这俩硬伤盖掉了！	"硬伤,智商是硬伤,硬伤笑话"	智商是硬伤_硬伤笑话
雪糕	雪糕是夏天解暑的必备神器。吃雪糕其实是不分季节的。你知道吗？东北冬天卖雪糕都是放在马路上的。记得上学的时候，经常买一种叫“爽一下”的雪糕。下课后，我们都会对着老板娘喊“老板娘！一块钱爽一下！”看着坐在旁边的老板脸都绿了。	"雪糕,雪糕图片,雪糕笑话"	雪糕图片_雪糕笑话
智商捉急	智商捉急又作智商拙计。意思是智商好低让人着急。看片时，好片就是边看边为自己智商捉急，烂片就是边看边为导演智商捉急。有一天，同事问我：“你知道我为啥爱去喝咖啡吗？”我说：“不知道。”他说：“因为我发现我除咖啡和方便面其他都泡不了。”真为你的智商捉急啊!	"智商捉急,智商捉急是什么意思,智商捉急笑话"	智商捉急是什么意思_智商捉急笑话
高端黑	高端黑，网络中指用幽默、有内涵的语言来表达自己的看法与不满，表面上是赞扬，实际上是讽刺、调侃、甚至是谩骂。高端黑例句：小明是一位才高八斗的作家。斗，古代长度计量单位，相当于今天的17厘米。这就是令人发指，丧心病狂的高端黑！各种高端黑神回复，高端黑笑话尽在笑话博览！	"高端黑,高端黑笑话,高端黑回复"	高端黑笑话_高端黑回复
坐姿	从小老师家长就教育我们要保持正确的坐姿。可见坐姿是多么重要。从坐姿就能看出一个人的类型。女神的坐姿优雅，萌妹子的坐姿可爱，女汉子坐姿霸气，女屌丝的坐姿狂放。公交、地铁上总能看到各种坐姿销魂的神人。每个胖子的坐姿都那么骚气。	"坐姿,正确的坐姿,坐姿笑话"	正确的坐姿_坐姿笑话
怀旧	长大后似乎特别容易怀旧。儿时的那些玩具、吃过的美食，做过的游戏，一起玩耍过的小伙伴都能勾起人怀旧的情结。怀旧也成为一种时尚，复古的服装、复古的家具、喜欢怀旧风的人还真不少。开始怀旧也意为着开始变老，一股淡淡的忧伤啊！	"怀旧,回忆童年"	回忆童年
ps大神	人们通常把PS技术特别牛的人叫做ps大神。美女别随便发自拍照，遇到PS大神的恶搞真傻眼了。有了PS大神丑女也能变天仙，屌丝立变高富帅，PS大神真是逆天一般的存在啊！不要得罪PS大神，不然你会死的很惨！PS大神的神作都是可以以假乱真的，PS大神可以玩碎一起的节操。你懂的！	"ps大神,ps大神恶搞,ps大神新作,PS大神逆天"	ps大神恶搞_ps大神新作_PS大神逆天
偷窥	偷窥是一种不道德的行为。可是总有些偷窥美女裙底的猥琐男。上星期气温很高，我在自家花园里脱光了晒日光浴，我的女邻居打电话报警，结果，我被当作暴露狂抓进了局子，今天，我发现她也一丝不挂地在花园里晒日光浴，作为报复，我也打电话报警，结果，我被当作偷窥狂再次抓进了局子……	"偷窥,偷窥美女,偷窥狂,偷窥笑话"	偷窥美女_偷窥狂_偷窥笑话
上班族	苦逼上班族伤不起，上班的时候很累！不上班的又很无聊，无事可干！对于一个有正常节假日的上班族来说:需要工作的周五的幸福感要远远高于不需要工作的周日!而且越到下午这种感觉越加强烈!同学们，你们不要以为开学就意味着痛苦的开始。工作了以后你们就会知道，每个礼拜一都像是一次开学。	"上班族,苦逼上班族,上班族笑话"	苦逼上班族_上班族笑话
隔壁老王	隔壁老王是《大头儿子小头爸爸》里面的邻居。有一集，大家发现他竟然和大头儿子长的一模一样。你懂的…隔壁老王患有怪癖，好几回只穿着一条底裤出现在我家衣柜里，因此我们相处并不愉快。直到今天，儿子上学路上出了车祸，急需RH型血的时候，隔壁老王赶到医院给我儿子输血。我觉得人性最美的时刻，莫过于此。	"隔壁老王,隔壁老王是什么意思,隔壁老王的典故"	隔壁老王是什么意思_隔壁老王的典故
车展	车展即汽车展览，车展上有一道不可缺少的风景就是—车模。车模直接决定着这个展台的人气。来车展，我真心不知道该看车还是该看妹纸！车展的模特穿的越来越火辣，越来越节操无下限。车展上充斥着各种拿着长枪短炮的猥琐大叔和拿着劣质手机的屌丝。车展俨然已经变成了“乳展”对这种变味的车展，我只想说：让我站近点看！	"车展,2014北京车展,车展美女,车展模特"	2014北京车展_车展美女_车展模特
神评论	神评论指特别有才的评论。楼主：为什么卫生巾广告都是倒蓝水呢，难道女人是蓝精灵？神评论：用红色的水容易引发跟日本的外交纠纷。一妹纸问：三星越来越大，苹越来越长，诺基亚越来越硬。现在女生买手机都不知道该选哪个了。网友神评论：国产的时间长啊！	"神评论,天天神评论,经典神评论,最强神评论"	天天神评论_经典神评论_最强神评论
剩女	剩女，是指过了社会一般所认为的适婚年龄，仍然未结婚的大龄女性。剩女的原因有两个，一是谁都看不上（没人看上剩女），二是谁都看不上（剩女看不上别人）。办公室有一大龄剩女，她家养了一条泰迪。一天问她为什么不让她们家狗生些小狗崽送给我们。她说：老娘自己还没交配呢，哪轮得到它。剩女伤不起啊。	"剩女,大龄剩女,剩女笑话"	大龄剩女_剩女笑话
经典笑话	经典笑话就是那些即使看了千百次却仍旧在脑海里挥之不去的笑话。看一次笑一次才是真的经典笑话。笑话博览的海量经典笑话，让你一次笑个够，根本停不下来。男女之间的经典笑话，校园里的经典笑话，办公室里的经典笑话，个个都是笑死人不偿命啊。	"经典笑话,经典笑话大全"	经典笑话大全_爆笑经典笑话
毕业季	每年五六月份都是高校毕业季。毕业季总是伴随着各种欢乐、忧伤、也充满了各种笑料。毕业季会出现各种搞怪的、疯狂的、有创意的毕业照。毕业季也是学长、学姐们的甩卖季。又到毕业季，高中3年，大学3年，如果没有一点留恋的，那么恭喜你从此可以称作纯屌丝了。	"毕业季,毕业照,毕业季语录"	毕业照_毕业季语录
女婿	女婿指女儿的丈夫。招上门女婿，过去的说法：即通常说的“倒插门”，学名叫“入赘”。还没参加工作那会。妈妈问我:把你介绍给一个有钱人家里去做上门女婿怎么样？我回答到:就算我辛苦一辈子，也不会吃软饭的。几年后的今天，我想对妈妈说:当年的话还算数不？	"女婿,招女婿,上门女婿,女婿笑话"	招女婿_上门女婿_女婿笑话
药不能停	药不能停，网络用语，意为脑子有病，药要一直吃下去，不吃就会出事。蛇精病的妹子越来越多，药不能停啊，千万不要放弃治疗！不作死就不会死，骚年们药不能停啊！折腾宠物的二货们你们够了，汪星人都鄙视你们了，药不能停啊！	"药不能停,不要放弃治疗"	药不能停图片_药不能停笑话
端午	端午节是为了纪念伟大诗人屈原，在这天人们包粽子，赛龙舟，最开心的是端午节可以放假三天。同是伟人，马克思走了，给我们留下背到口吐白沫的马克思主义和默到手长老茧的论文试题，屈原走了，却给我们留下了端午节三天假期。还是中国人心疼中国人啊！像屈原这样的伟人，至少应该放30天假来纪念他！	"端午,端午节,端午笑话"	端午节_端午笑话
纳尼	纳尼，是日语什么的意思。纳尼是动漫看多了留下的后遗症。今天到西湖玩遇到个老外，老外问：HereisthexiLake？我正想着什么叫xilake？于是习惯性地说了句“纳尼？”这时老外说Oh，shit！fuck！ThisisaJapanese!我：操操操操操操操操操操操！	"纳尼,纳尼是什么意思,纳尼笑话"	纳尼是什么意思_纳尼笑话
标题党	靠标题来博取眼球，吸引人气，骗取点击的行为叫做标题党。标题党总是语不惊人死不休，“少女深陷人兽恋，男子裸体被仔细围观”这些邪恶的标题你能把持的住么？点进去发现内容和标题完全无关啊有木有！标题党你们的节操去哪了？万恶的标题党，你们伤害了多少单纯的少年你们知道么？	"标题党,万恶的标题党"	万恶的标题党
节操新闻	笑话博览出品，节操小编淡风哥主笔，他用亦庄亦谐、放荡不羁的语言风格为笑话博览们奉献出最奇葩的新闻，并相应放大新闻当中的幽默元素，让笑话博览们能在闲暇时光中享受到最生动、最搞笑、最内涵的新闻。	节操新闻快乐麻花	
弱智	"神经病人思维广,弱智儿童欢乐多。网络中弱智一词用来形容脑袋少根筋，跟不上大家节凑而经常闹出笑话的小伙伴。现在很多脑残电视剧剧情完全没有逻辑，穿帮那么明显，真当观众都是弱智么？考试时，面对奇葩，不禁吐槽，这到底是哪个弱智出的题目？"	"弱智,弱智儿童,弱智儿童欢乐多"	弱智儿童
二次元	"二次元通常指动漫所构建的理想世界。有别于三次元（现实）。没看动漫，不懂二次元的美好。二次元帅哥美女一大堆，三次元怪兽满地跑，二次元有御姐，萝莉，基友，后宫，三次元的御姐都是大妈，萝莉都说是装B,基友都是同X恋，后宫根本不可能！活在三次元却有一颗二次元的心。"	"二次元,二次元世界,二次元妹子_二次元动漫"	二次元世界_二次元妹子_二次元动漫
捡肥皂	捡肥皂指搞基。肥皂掉在地上，弯腰下去捡的时候，会受到同性背后的攻击。捡肥皂需谨慎，当你捡肥皂的时候，很有可能会菊花不保！多少骚年因为捡肥皂而菊花残满腚伤……笑话博览告诉你捡肥皂防爆菊的正确姿势，一起来涨姿势吧！	"捡肥皂,捡肥皂是什么意思,捡肥皂动态图,捡肥皂gif"	捡肥皂是什么意思_捡肥皂动态图_捡肥皂gif
脑洞	脑洞就是脑子有洞，脑子进水的意思。脑洞是从脑补衍生出来的词。脑洞越大补得越多。遇到脑洞大开的老师出的题目，真的是不知所措。那些脑洞大开的设计师的作品，普通人是无法理解的。有时候，脑洞一开就完全拦不住啊，每一个二货狗狗的背后都有一个脑洞大开的二逼主人。	"脑洞,脑洞大开"	脑洞大开
呆B	呆B又作“呆逼”顾名思义就是很呆很傻不会做事的意思。在游戏中呆B有些萌属性。呆B的思维是正常人无法理解的。呆B的行为总是怪怪的，你身边有没有呆B朋友？呆B同学？呆B的脑洞总是开的很大，呆B伤不起啊！	"呆B,呆b,呆逼"	呆b_呆逼
非主流	非主流指不被主流接纳的人和事。非主流年轻人的打分另类、张扬难以被大众接受。看韩剧都觉得男猪脚的头发好有型啊。可你在大马路上看到这些发型，心里是不是在想。这个人要嘛就是非主流，要嘛就是发廊的员工...有木有！	"非主流,非主流图片,非主流笑话"	非主流图片_非主流笑话
待我长发及腰	2013年，一句“待我长发及腰”体在网络上爆红，网友纷纷发挥创意进行造句：待我长发及腰，遮住一身废票，纵使虎背熊腰，也要高冷傲娇。一妹子发朋友圈：待我长发及腰，少年娶我可好？于是哥立马回复：“待你长发及腰，蹲坑一定要撩，如若任由它飘，发梢味道定骚。”	"待我长发及腰,待我长发及腰完整版,待我长发及腰出处"	待我长发及腰完整版_待我长发及腰出处
监狱风云	"2014年天使投资人薛蛮子决定拍一部好电影“监狱风云”。为此，他亲自去监狱体验生活，出狱后，他联系上了张元、宁财神,黄海波,张默，高虎等，女主角为郭美美，又加入了两名人气偶像柯震东和房祖名。这么多的明星大腕监狱风云海报都快挤不下去啦！"	"监狱风云,监狱风云2,监狱风云笑话"	监狱风云2_监狱风云笑话
囧图	笑话博览为您提供海量囧图，各种极品囧图。看到明星们的童年囧照，瞬间我就笑喷了！囧图一箩筐，笑笑更健康，运动员比赛时的瞬间表情实在太囧了。那些第一眼都会看错的的囧图，你邪恶了么？众多雷死人搞笑囧图，爆笑囧图，真实笑死人不偿命啊！	"囧图,每日囧图,雷人囧图,爆笑囧图"	每日囧图_雷人囧图_爆笑囧图_极品囧图
丧失	丧失就是丧心病狂。时688年，博州刺史琅琊王李冲起兵谋反，反对武则天当政，豫州刺史越王李贞起兵响应。叛军一路烧杀掳掠，奸淫掠夺，无恶不作。张光辅上京，将沿途所见，于殿上泣声奏曰：“吾皇，臣于途中亲眼所见，敌人节操丧失...”一旁的狄仁杰怒目圆睁，大喝道：“我QNMLGB！我何时操过丧尸？！”	"丧失,大丧失,节操丧失,太丧失了"	大丧失_节操丧失_太丧失了
兵哥哥	兵哥哥是对当兵的男性的昵称。兵哥哥伤不起啊，去哪里都要把被子叠成豆腐块。客户是个兵哥哥，和我聊天夸我长得漂亮，下一句就说在部队女生少，连看到母猪都觉得眉清目秀...我了个去！夸人损人呢！兵哥哥你要不要这么可爱!	"兵哥哥,有爱的兵哥哥,广场舞兵哥哥"	有爱的兵哥哥_广场舞兵哥哥
二科小课堂	二科小课堂由笑话博览小编“二科大师”主讲，二科小课堂每周开课，给单纯懵懂的小笑话博览们答疑解惑。二科小课堂欢乐多，二科大师用轻松诙谐的语言解读热点事件，人生哲理。自从看了二科小课堂分分钟涨姿势啊！请大家多多支持笑话博览二科小课堂原创漫画哦！	"二科小课堂,二科,鼠绘"	
奢华	奢华，表示“奢侈浮华”，现在多形容有钱人的生活。低调奢华有内涵才是奢华的最高境界。提到土豪，想到的第一个词就是奢华。土豪的奢华真不是我们能够想象的啊！顶级豪车、绝色美女，城堡一般的家无不透露着奢华。就连宠物也不是猫猫狗狗，而是狮子、老虎等森林之王！	"奢华,低调的奢华,低调奢华有内涵"	低调的奢华_低调奢华有内涵
神烦	神烦，网络词语。非常烦躁的意思。宿舍里有一个二逼室友时，就是真正考验你忍受力的时候了，简直是神烦！有一只神烦狗最近爆红网络。这只斜眼歪头看人的柴犬神烦狗成了一个明星，出现在T恤上，出现在各种场合。神烦狗狗系列恶搞无下限啊！	"神烦,神烦狗,神烦熊"	神烦狗_神烦熊
儿童节	每年的六月一日都是国际儿童节。六一儿童节最快就是小孩子，因为可以得到礼物。想想6月还真罪恶，第一周高考，第二周中考，第三周期末考，第四周会考。现在我终于知道儿童节在6月1号原来只是来安慰你的。	"儿童节,儿童节笑话"	儿童节笑话
提神图	每个月总有那么20几天想上班，疲惫没精神？来笑话博览看提神图，保证你立刻精神百倍。众所周知，看美女能提神，提神图里面可都是极品闪亮的美女哦。没节操、重口味的东西也能提神哦！看了这些提神图，我和小伙伴都惊呆了！提神图里的奇葩逗比真是多，看到他们顿时不困了有木有？	提神图	
开心一刻	你有没有不开心的一刻，需要一些开心的事情来调节呢。笑话博览会满足你开心一刻的要求，而且为你带来的不只是这一刻的开心。下一刻你依旧能够回味着这份开心，并且带着这份开心去迎接新的开始。你也能够用这份开心的心情去感染身边的人，使他们从和你在一起的那一刻起变得开心。	"开心一刻,每日开心一刻,轻松一刻,开心十分"	每日开心一刻_轻松一刻_开心十分
啪啪啪	啪啪啪，新生网络词语。指男女XXOO的时候发出的身体碰撞的声音。其实啪啪啪只是个象声词啦，现在啪啪啪已经被玩坏了。举头望明月，低头啪啪啪。春眠不觉晓，处处啪啪啪。踩菊东篱下，悠然啪啪啪。少壮不努力，老大啪啪啪。夫妻本是同林鸟，大难临头啪啪啪…	"啪啪啪,啪啪啪是什么意思,啪啪啪动态图,啪啪啪内涵图"	啪啪啪是什么意思_啪啪啪动态图_啪啪啪内涵图
方言	方言简单说就是一个特低地域流行的语言，具有局域性。中国地大物博，方言众多。当一个人和你讲方言你完全听不懂时，是一件多么无奈的事情。例句，“没图你说个JB”北京方言：没个小画片儿你丫淡逼个JB。上海方言：么读弄刚则卵泡啊。广州方言：毛图你禄漆啊。日语方言：汪汪汪汪汪…	"方言,东北方言,四川方言,广东方言,江浙方言"	东北方言_四川方言_广东方言_江浙方言
错位	错位又称视觉错位。视觉错位图就是眼睛欺骗了心的图片。错位图第一眼看上去都会看不懂，有时候甚至有些邪恶的感觉。仔细观察才能发现其中奥秘。牛人喜欢玩错位摄影，一口吃掉太阳，单手拎起埃菲尔铁塔，真是毫无违和感，千奇百怪的错位照片真是碉堡了。	"错位,错位图,视觉错位,错位照片,错位摄影"	错位图_视觉错位_错位照片_错位摄影
业界良心	业界良心网络指符合大家口味的事，不论事件本身正确与否，符合大家喜好就是业界良心。比如拍片不打码真是业界良心。一个人想看看英国邮政靠不靠谱。买了个香蕉贴了2张邮票丢进邮筒。第二天，居然就寄到了，而且还能吃！业界良心！	"业界良心,业界良心笑话"	业界良心笑话
撞脸	撞脸，指的是在生活中，一些人与其他无直接血缘关系的人的容貌惊人的相似的现象。相对于姑娘们撞衫那种尴尬来说，撞脸却实在是一件有趣的事情。古人和明星撞脸，感觉很穿越。艺人之间的撞脸，仿佛失散的兄妹。路人和明星也撞脸，小伙伴们都惊呆了。	"撞脸,明星撞脸,撞脸笑话"	明星撞脸_撞脸笑话
干爹	干爹俗称义父。从古代起就有认干爹的习俗。不过现在网络中干爹这个词已经变味了。某个平凡的美女某天突然开豪车，住豪宅就让人不得不怀疑是干爹送的。我在大学门口手机贴膜，一天过来一漂亮美眉，女孩非常爱说话，我开玩笑说你这么漂亮，为啥没有用个好手机，她说：“我没有干爹！”	"干爹,老干爹,干爹笑话"	老干爹_干爹笑话
小苹果	"“你是我的小呀小苹果儿,怎么爱你都不嫌多,红红的小脸儿温暖我的心窝,点亮我生命的火,火火火火……筷子兄弟的神曲《小苹果》在2014火遍了大街小巷。一同事烟瘾特别大，刚递给他一支烟，他就连忙叼在嘴上说：“火火火火火。”我一愣，唱道：“你是我的小呀小苹果。”"	"小苹果,小苹果歌词,广场舞小苹果,小苹果筷子兄弟"	小苹果歌词_广场舞小苹果_小苹果筷子兄弟
中国好声音	《中国好声音》第三季马上就要播出了。每一季中国好声音都有欢乐吐槽，路边看到一位卖艺的乞丐，一边拉二胡一边哭诉自己悲惨的人生遭遇。路人纷纷表示同情，最后一致建议他去参加中国好声音。看中国好声音，总是听见选手说音乐就是我的全部音乐就是我的生命。我只想说，你特么就是想红......	"中国好声音,中国好声音第三季,中国好声音导师,中国好声音笑话"	中国好声音第三季_中国好声音导师_中国好声音笑话
每日黑二科	二科是谁？二科是笑话博览上频频出现的红人。二科是一个单纯的少年。二科是个机智的少年。二科和他女友分手半年了，一直在疗伤。结果今早看见前女友的QQ签名改成了：今天是和老公一周年纪念日，我们去HAPPY！二科的天空总是四季如春，一直那么“绿”。每日黑二科，黑黑更快乐！	"每日黑二科,快乐麻花二科"	快乐麻花二科
地名	雷人的地名会让人大跌眼镜。太监弄、摸乳巷这么邪恶的地名简直无法直视。今天地理课，一女生不听讲，在底下化妆。老师走到她面前问：“你能用两个地名描述一下你的脸吗？”女生怎么想也想不出来，于是问他是什么。老师答曰：“大连，太原。”	"地名,地名大全,雷人地名"	地名大全_雷人地名
夫妻相	"长时间生活在一起的夫妇往往在外貌上很像,这就是人们所谓的“夫妻相”。最近有专家说夫妻相形成的原因是肠道菌群的微生态环境越来越相似。某种程度说夫妻相决定着一个人下半辈子的长相。家里急着给找对象，要我相亲去。一看照片女的真丑。然后再对着镜子，看看镜子里那货，真TM有夫妻相……"	"夫妻相,夫妻相笑话"	夫妻相笑话
蓝星人	蓝星人就是地球人。一群外星废物青蛙的创造词。蓝星人最喜欢戏弄喵星人和汪星人。愚蠢的蓝星人你们要不要这么无聊，再也不相信蛇精病的蓝星人了。喵星人最喜欢的就是监视蓝星人洗澡。壮哉喵星球。颤抖吧蓝星人。	蓝星人	愚蠢的蓝星人_颤抖吧蓝星人
车震	车震，通常指男女在车内调情做爱。迷恋“车震”甚至上瘾的恋人们统称为“车震族”。开车带女朋友出去玩，路过一片小树林，我对她说：“我们玩车震吧？”女朋友说：“不好，被人看见多不好。”我说：“我们动作小点儿，不会被人发现的。”女朋友害羞地点了点头，我开心地把电瓶车停了下来。	"车震,车震笑话"	车震笑话
么么哒	"么么哒，表示亲亲,一般用于情侣之间。是卖萌的语气词。比如：小兔么么哒，欧尼酱么么哒。“么么”的正确回复方式是“么么哒”，带有强烈的性暗示意味。女：“如果你给我的和给别人的一样，那我就不要了。”男：“我给了前女友一栋别墅，一辆玛莎拉蒂。”女：“亲爱的，只要是你给的我都喜欢，么么哒！"	"么么哒,么么哒是什么意思,么么哒笑话"	么么哒是什么意思_么么哒笑话
粽子	脱去你的外衣，你是那样白嫩，发着淡淡的幽香，舔一舔再咬上一口，我心飞上九霄云外，啊，粽子我的至爱！端午节最不能少的食物就是粽子。昨天，公司给每位外籍员工发了粽子，今天，有个老外很感谢地说：“你们发的点心很好吃，谢谢，就是外面的生菜有点硬。”粽子皮不能吃啊亲！	"粽子,包粽子,粽子笑话"	包粽子_粽子笑话
避暑	炎炎夏日怎么避暑？喵星人告诉你最好的避暑方法就是钻进冰箱！看看宿舍里的同学们的避暑方法，个个都是人才！风扇避暑、水盆避暑、冬瓜避暑……对于四川人来说，避暑的最好方法就是打麻将！更有人在水里打麻将！碉堡了！	"避暑,避暑方法,避暑笑话"	避暑方法_避暑笑话
幽默短信	幽默短信为我们枯燥无味的日常短信增添了幽默感，给我们的生活带来了快乐，增加了我们的幽默细胞。笑话博览为你提供了最新最全的幽默短息，笑话短信，手机短息。使我们能够和身边的朋友通过幽默短信更好的进行互动加深彼此之间的感情。	"幽默短信,幽默短信大全,幽默笑话短信,手机幽默短信"	幽默短信大全_幽默笑话短信_手机幽默短信
杀马特	杀马特代表的是一种另类甚至是怪诞的青年形象，杀马特都留着五颜六色的长发，画着很浓的妆，戴着稀奇古怪的首饰，杀马特喜欢自拍，在网吧的摄像头前做些奇怪的动作。杀马特秒杀各种洗剪吹。杀马特自以为自己狂拽炫酷吊炸天，实际上路人的眼都快被你们闪瞎了！	"杀马特,杀马特是什么意思,杀马特图片,杀马特发型,杀马特家族"	杀马特是什么意思_杀马特图片_杀马特发型_杀马特家族
母亲节	今天是母亲节，满屏都是“母亲节快乐！”对于这种满屏吆喝母亲节的人，我只想知道，你妈关注你了没？！说真的，我们可以把任何一个节日都过成情人节。今天是母亲节，我问女神：“我对我妈最深的印象就是她挺节约的，对了，你母亲节约吗？”她抬头看了看我的脸，脑袋摇成了拨浪鼓:“你做梦！不约！”	"母亲节,母亲节祝福,母亲节礼物,母亲节由来"	母亲节祝福_母亲节礼物_母亲节由来
狗血	“狗血”网络指胡扯、夸张、不可思议。狗血剧情一词来源于网友对韩剧的评价，狗血韩剧有三宝车祸、癌症、医不好。屌丝女年爱上了二逼男青年，男青年去追求白富美，白富美去找高富帅，反过头来，高富帅去追屌丝女。真尼玛狗血！	"狗血,狗血剧,狗血剧情,狗血笑话"	狗血剧_狗血剧情_狗血笑话
红领巾	红领巾泛指少先队员。请叫我红领巾。去银行取钱，人巨多，取号48号，才叫到9号，坐下休息，边上一大姐姐嘴角微笑梦周公，手里拿着14号，遂感到现在的大姐姐实在太辛苦，太缺少睡眠了，为了让她有充足的睡眠，遂悄悄把我们的号码换了下，突然间我胸前的红领巾更鲜艳了。	"红领巾,红领巾笑话"	红领巾笑话
混血	混血儿指两个不同血统的人生出来的孩子。混血儿通常都很漂亮狠可爱。混血出美人。我和老婆都是纯正的中国人，她一直很喜欢混血儿，还说希望生一个可爱的混血宝宝，今年她为我诞下一子，看着金发碧眼的儿子我倍感欣慰！老婆的愿望终于实现了呢！	"混血,混血儿,混血美女,混血笑话"	混血儿_混血美女_混血笑话
中国大妈	“中国大妈”是网络上引用美国媒体调侃国内中年女性大量收购黄金引起世界金价变动而来的一个新兴名词。中国大妈俨然成为了金融大鳄。中国大妈是一个神一样的群体。威武的中国大妈炒黄金，炒楼市，逼婚儿子逃澳洲，整版登报喊儿子回家，中国大妈就是牛！	"中国大妈,中国大妈炒金,中国大妈段子,中国大妈澳洲登广告寻子"	中国大妈炒金_中国大妈段子_中国大妈澳洲登广告寻子
黑木耳	黑木耳是网络上一种物化女性的说话。黑木耳通常指性经历丰富的成熟女性。黑木耳有三宝：+美瞳+高跟+黑丝脚。黑木耳弱爆了，今天跟一少妇聊天，我：“把你黑木耳给我吃吧”？少妇：“黑木耳没有，不过可以让你弟弟到黑龙江里洗个澡”！黑龙江……我在风中凌乱了……	"黑木耳,黑木耳是什么意思,什么叫黑木耳"	黑木耳是什么意思_什么叫黑木耳
咸猪手	“咸猪手”指猥琐男子或女子的色狼动作，比如说袭胸、摸臀等。咸猪手也被称为“性骚扰”“吃豆腐”，夏天的公交地铁上，咸猪手们可真疯狂。咸猪手的境界你真的猜不到，云南泼水节屡现咸猪手，泼水节变成了“袭胸节”，伤不起啊！	"咸猪手,咸猪手袭胸,公交咸猪手,地铁咸猪手"	咸猪手袭胸_公交咸猪手_地铁咸猪手
奶爸	有句话叫做“千万不要让男人带孩子”。不过带孩子这件事对于奶爸来说算是小菜一碟。一个合格的奶爸可以同时照顾几个婴儿都没有问题。不过奶爸带孩子总是让人有点担心。因为奶爸们向来“三心二意”游戏迷奶爸会边打游戏变带孩子，令人哭笑不得。奶爸伤不起啊。	"奶爸,熊爸爸,奶爸笑话"	熊爸爸_奶爸笑话
防晒	夏天来了，妹子们最关心的问题就是如何防晒。遮阳伞、防晒霜、防晒衣都是防晒神器。买了瓶防晒霜，刚涂上去的时候真的很白很透很好看。可是过了一两个小时后就变得很油。今天跟男朋友约会，坐餐厅等他，他到了，我想来个回头一笑百媚生，结果刚回头，他顿住了，脸部抽搐着说:干嘛化妆成猪刚烈？	"防晒,防晒神器,如何防晒,搞笑防晒"	防晒神器_如何防晒_搞笑防晒
辣妈	辣妈，网络词语，指身材火辣，个性独特而泼辣的年轻妈妈们。他们都有一个以上的小孩却拥有着和少女一样的性感身材。网络著名的明星辣妈有辣妹维多利亚贝克汉姆和台湾辣妈小S。网络辣妈大赛许多95后辣妈纷纷晒照，其实不是任何年轻漂亮的目前都能教辣妈，在我心里辣妈只有一个，那就是，老干妈！	"辣妈,辣妈小S,辣妈正传,少女辣妈"	辣妈小S_辣妈正传_少女辣妈
买家秀	淘宝买家秀告诉你什么叫“理想和现实的差距”。那些超级自信的买家秀分分钟就能把你雷倒。淘宝买家秀真是伤不起啊！此时此刻什么话都显得那么苍白无力。看完买家秀，整个人感觉都不好了！淘宝买家秀绝对是拔草利器！	"买家秀,淘宝买家秀"	淘宝买家秀
父亲节	父亲节是感恩父亲的节日。每年的6月第三个星期日是父亲节。父亲节送什么礼物？父亲节请给老爸一个电话，一个拥抱吧。今天是父亲节了，我踌躇半天给老爸发了条短信，“爸，您养了我那么多年，您辛苦了！”我爸给我回了个“我乐意，你管的着吗！”瞬间泪崩了。	"父亲节,父亲节是哪一天,父亲节短信,父亲节笑话"	父亲节是哪一天_父亲节短信_父亲节笑话
宿管阿姨	宿管阿姨是高校里我们又爱又怕的神人。再狡猾的兔子也逃不过宿管阿姨的火眼金睛。霸气的宿管阿姨发飙伤不起！宿舍一哥们赖着不起床，宿管阿姨在小黑板点批评：XXX消极应对卫生检查，躺在床上硬不起来！硬……不起来……得罪不起的宿管阿姨啊！	"宿管阿姨,霸气的宿管阿姨,最牛宿管阿姨"	霸气的宿管阿姨_最牛宿管阿姨
剧照	剧照是影视剧的宣传照片。女明星大尺度的剧照让屌丝血脉喷张。用性感剧照吸引男观众，这招屡试不爽。《还珠格格》尔康的剧照，《甄嬛传》皇后的剧照都是被网友恶搞后而红遍网络。惊艳的剧照可以让人产生强烈的欣赏欲望。同样，雷人的剧照也能达到同一个效果，只是变成强烈吐槽的欲望了。	"剧照,大尺度剧照,性感剧照,恶搞剧照"	大尺度剧照_性感剧照_恶搞剧照
球星	世界杯球星大牌云集，基情绽放。还记得那些年我们一起追过的球星么？齐达内退休了，法国队6年都没缓过劲儿来，普斯卡什退休了，匈牙利队60年了都没缓过劲儿来，高俅退休了，中国队1000年都没缓过劲来..这就是所谓的球星效应吧？	"球星,足球明星,世界杯球星"	足球明星_世界杯球星
昆虫	清晨的昆虫都是白富美，个个珠光宝气。长着人脸的神奇昆虫，你见过么？想起幼儿园做幼师的时候，给小朋友讲关于昆虫的故事，突然一个不到5岁的小萝莉跑到我的跟前冒出一句“老师，我爸爸洗澡的时候，我看到他有一条好大的毛毛虫……毛毛虫……	"昆虫,昆虫图片,昆虫百科"	昆虫图片_昆虫百科
赢家	赢家是比赛赢的那一方。人生赢家指令所有人羡慕的人。比如屌丝逆袭娶了白富美女神。工人们在拆除一栋陈旧的大楼时，在夹墙中发现一具骨骸！经过调查后发现，死者是1950年美日捉迷藏大赛的冠军。真正的人生赢家啊！	"赢家,人生赢家,赢家笑话"	人生赢家_赢家笑话
灭火器	灭火器是灭火的工具。不过灭火器在二货的手里有点危险。我是个货车司机，昨天被交警拦了，但是我证件齐全没有违规。然后他说我没有带灭火器。我说我带了，于是拿给他看。他又说灭火器是坏的。我说：“好的，不信你看。”于是熟练地打开保险对着他按下了我人生中最愚蠢的一下！现在我在交警队学习，他要告我袭警！	"灭火器,灭火器使用,灭火器笑话"	灭火器使用_灭火器笑话
脑筋急转弯	脑筋急转弯我们从小就不陌生，如果不喜欢做枯燥的脑筋急转弯题目就来笑话博览看看脑筋急转弯笑话，这里为你提供众多搞笑脑筋急转弯，冷笑话脑筋急转弯，校园爆笑脑筋急转弯，成人内涵脑筋急转弯，没有最难的脑筋急转弯只有最新最搞笑的脑筋急转弯。	"脑筋急转弯,搞笑脑筋急转弯,冷笑话脑筋急转弯"	搞笑脑筋急转弯_冷笑话脑筋急转弯_成人脑筋急转弯
黑暗料理	以摧残人类味觉及视觉为乐的饭菜，统称为“黑暗料理”。黑暗料理诞生于宅男宅女手中，见者崩溃，吃者反胃，唯有作者津津有味。黑暗料理是绝对的反人类产出物！重了个口味，还想吃饭的别手贱！友情提示：珍惜生命，远离黑暗料理…	"黑暗料理,重口味食物"	重口味食物
舌尖上的中国	《舌尖上的中国》是2012年央视播出的美食类纪录片，该片展示了中国各地的美食和文化，让观众大饱眼福，南甜北咸，一网打尽，看个电视也能垂涎欲滴非《舌尖上的中国》莫属！让人牵肠挂肚的《舌尖上的中国》第二季2014年4月18日就要开播啦！吃货们的福利来啦！	"舌尖上的中国,舌尖上的中国第二季"	舌尖上的中国第二季
治愈系	"治愈系指可以温暖人心，净化心灵的一些人或事物。治愈系动漫格调清新,剧情纯净温暖,给人以美好的感受和祝福。治愈系图片清新唯美。治愈系的帅哥美女超级养眼。还有那些治愈系的萌宠。猫咪超级治愈系的小肉球（猫爪）把人都萌化了。驱散内心的阴霾，感受到世界的美好，这就是治愈系的神奇之处。"	"治愈系,治愈系动漫,治愈系图片,治愈系萌宠,治愈系美女"	治愈系动漫_治愈系图片_治愈系萌宠
宅女	宅女指长期足不出户的女性。和光鲜亮丽的女神不同，宅女通常给人以邋遢糟糕的印象。宅男宅女们看到家人拿着伞回家，才会知道外面下雨了。问：饥饿和饥渴有什么区别？资深宅女会告诉你：这是黄瓜的两种不同使用方法。	"宅女,资深宅女,宅男宅女"	资深宅女_宅男宅女
翻跟头亲亲	翻跟头亲亲是最近在网上流传的一组高难度亲亲姿势，一时间引起众多网友的疯狂模仿，翻跟头亲亲情侣、基友、闺蜜、各种版本层出不穷。简直狂拽炫酷吊炸天！翻跟头亲亲难度系数极高，需要极强的臂力和腰力，胖子请勿模仿！非专业逗比蛇精病慎重尝试！有胆大的网友仿翻跟头亲亲却惨遭失败摔成狗样…不做死就不会死！	"翻跟头亲,情侣亲翻跟头亲亲,基友翻跟头亲亲,闺蜜翻跟头亲亲"	情侣亲翻跟头亲亲_基友翻跟头亲亲_闺蜜翻跟头亲亲
奶茶妹妹	奶茶妹妹原名章泽天，网络红人。09因一张手捧奶茶的照片走红网络，被称为“奶茶妹妹”迅速成为广大宅男的女神。2014年4月14日，奶茶MM与相差19岁的京东CEO刘强东的恋情被曝光。刘强东承认恋情并示爱“小天”，不料印小天、古天乐、易中天等一大批“天字”明星躺枪。屌丝捧红了女神，最后送给了土豪。	"奶茶妹妹,奶茶妹妹章泽天,奶茶妹妹刘强东,奶茶妹妹男朋友"	奶茶妹妹章泽天_奶茶妹妹刘强东
高三党	高三党是对上高三的学生的称呼。高三党即将面对人生中的大转折—高考。所以高三党注定苦逼，“我高三了”这句话听起来好像“我怀孕了”因为你不知道这一年要受多少苦，更害怕的是，你不知道怀胎10月以后生出个什么？加油吧，苦逼高三党！	"高三党,苦逼高三党,加油高三党,高三党笑话"	苦逼高三党_加油高三党_高三党笑话
软妹	软妹，或称软妹子，软妹纸，网络词汇，用以喻指那些具备目光柔和，嗓音温婉，等带有天然呆属性的年轻女性。女汉子和软妹区别：当她的朋友被欺负时，软妹会说“哦，宝贝，别难过了，好心疼，么么嗒”而女汉子会说：“卧槽！哪个B欺负的你？老娘拆了他去！”“女汉子”与“软妹子”你更爱哪一款？	"软妹,软妹子是什么意思,软妹纸,软妹子笑话"	软妹子是什么意思_软妹纸_软妹子笑话
贞操	“贞操”是伦理道德的产物，为了防止女性失节，诞生了贞操带、贞操锁等。有个将军娶了一个漂亮的老婆。有次他要外出打仗，担心他的老婆给他戴绿帽子。于是给她绑了一个贞操带。他把贞操带钥匙给了一个自己很信任的朋友就放心地出门了，但他才出城门，那位朋友快马加鞭追到将军身边：将军，你把钥匙给错了！	"贞操,贞操带,贞操笑话"	贞操带_贞操笑话
校花	校花即校园中公认的或者选举的最美的女学生。长腿校花清纯，大胸校花性感。校花是学校里每个男生的女神。我一个挺要好的女同学，在班上是班花，在系里是系花，在学校也是校花，毕业后考到机关里去，打电话问她现在是不是“局花”，结果她跟我绝交了。	"校花,美女校花,大胸校花,校花笑话"	美女校花_大胸校花_校花笑话
快到碗里来	“快到碗里来”网络用语，这句话起源于牛奶巧克力豆广告。广告里，男孩招待朋友，去拿巧克力，他拿着一只碗对巧克力豆说：“别闹了，快到碗里来！”巧克力豆说：“你才到碗里去！哼，就不能找个大点的碗嘛。”网络延伸的意思是“你已经注定是我的了，快到我的碗里来吧”。	"快到碗里,来快到碗里来广告,快到碗里来图片"	来快到碗里来广告_快到碗里来图片
跪求	跪求，网络语言。求助他人寻找难以找到的网络资源时所用，如：跪求某某电影下载地址、跪求某某某的新歌、跪求种子等等。网络上那些跪求大神PS的通常会死的很惨。高中同学在人人上发状态：“前列，前线，前列线（腺）。跪求下联！”我一瞬间就回了他：“大姨，大妈，大姨妈！”	"跪求,跪求好人卡,跪求图片,跪求网站"	跪求好人卡_跪求图片_跪求网站
花痴	"花痴形容对相貌俊秀的异性/同性有极度迷恋,多形容女性。花痴妹子伤不起，花痴见到帅哥就走不动。跟老公闲聊天，突然讲到119的都是帅哥。然后一副花痴状，结果老公说那你去啊，一点醋意都没有。结果后面又来了句，你可以去做警犬。尼玛……"	"花痴,犯花痴,花痴笑话"	犯花痴_花痴笑话
雨神	雨神是对歌手萧敬腾的称呼。萧敬腾为什么叫雨神？因为2012年7月萧敬腾在北京的演唱会，当天遭遇大暴雨。此后萧敬腾便与“雨”结下了不解之缘，所到之处，暴雨连连。连番巧合不禁让网友惊呼“雨神果然法力无边！一时间萧敬腾“雨神”的称号越传越响，还有人调侃“你不开唱，便是晴天”。雨神，快去干旱的地方开唱吧！	"雨神,雨神萧敬腾,萧敬腾为什么叫雨神"	雨神萧敬腾_萧敬腾为什么叫雨神
很黄很暴力	很黄很暴力出自央视采访北京某中学女生张殊凡的口中。她的一句“很黄很暴力”引起轩然大波和众多网友的恶搞。“很黄很暴力”迅速成为当年的网络流行语。那些很黄很暴力很好很强大的电影、游戏、表情也成了网络搜索的热点。回忆起当年宿舍的基情岁月，真的是很黄很暴力，你懂的哦！	很黄很暴力	很黄很暴力游戏_很黄很暴力电影_很黄很暴力动漫
喷血	喷血用来形容刺激性的东西。比如屌丝见到女神就会激动的喷血。夏天里，各种丝袜、各种美腿，各种让人喷血的妹子让人把持不住啊。今天在公交车上，看见窗外一个美女对我抛媚眼，又撩头发的。瞬间哥快喷血了，对着那美女大喊：我的电话是：159……那美女一愣，我才发现女孩是对着公交车窗子玻璃照镜子……	"喷血,搞笑喷血,喷血笑话"	搞笑喷血_喷血笑话
DIY	DIY是英文DoItYourself的缩写，译为自己动手做，自助的。为了与众不同，牛人总是热衷DIY。自己动手DIY缝制的衣服绝不会有撞衫的烦恼。不知道送什么礼物？发挥想象DIY，有创意更有新意。你知道吗？只要足够的书和彩灯就可以DIY出一颗独一无二的圣诞树了！	"DIY,DIY手工制作,DIY笑话"	DIY手工制作_DIY笑话
欧巴	欧巴，来源于韩剧。欧巴一词现如今广泛流行尤其是年轻女生中。如对韩国某一男明星表示很喜欢就会喊起“欧巴”。欧巴，在棒子国，是哥哥的意思。欧巴，在四川省，是大便的意思。欧巴，在客家话里，是形容无德无才的意思。卖萌的妹纸们，看到欧巴你还会叫吗？	"欧巴,欧巴是什么意思,长腿欧巴"	欧巴是什么意思_长腿欧巴
思密达	思密达来源于朝鲜语，是一个语气助词，用作敬语。思密达已成为一个常见的网络用语。室友请一暗恋很久的萌妹子吃料理，为了显示自己大方，席间点了很多荤菜，然后对她说，“再点些素菜吧，你喜欢什么？”萌妹子想了想说，“恩...我喜欢...藕吧。”“我也喜欢你思密达。”室友兴奋地大喊。萌妹子果断羞答答的走了！	"思密达,思密达是什么意思,思密达笑话"	思密达是什么意思_思密达笑话
拍马屁	拍马屁即阿于奉承。拍马屁也是一门技术。今天局长的200斤重的女儿结婚。你看他们一个个的使劲拍马屁还厚着脸皮夸局长的女儿长得漂亮！难道只有这样才能升官发财吗？低俗！好了不说了，主持人叫我去拜堂呢。拍马屁的最高境界你学会了么？	"拍马屁,拍马屁语录,拍马屁笑话"	拍马屁语录_拍马屁笑话
毁清新	一秒毁清新，女同事说：我老公特别体贴，从来不和我对着干！神回复：那是，他只用后入!…尼玛，太内涵了，一句话毁清新啊！快乐麻专业毁清新，每日最新毁清新段子让你笑不停！	"毁清新,一句话毁清新,毁清新段子,专业毁清新"	一句话毁清新_毁清新段子_专业毁清新
拉仇恨	拉仇恨一词源于游戏中。指吸引怪物的攻击。网络中多指一些易得罪人的话，或遭众人怨恨的行为。拉仇恨简直就是在作死。情人节秀恩爱的情侣完全就是拉仇恨的节奏！那些秀丰厚年终奖的贱人，你们这么拉仇恨，你家人知道吗？	"拉仇恨,拉仇恨笑话"	拉仇恨笑话
喜当爹	“喜当爹”是新兴的网络语言。用来调侃男生好不容易追到女神，但是女神却怀了高富帅的孩子，无奈之下找屌丝接盘的情况，被称作“喜当爹”。这世上还有比喜当爹更悲剧的事么？！楼猪：我每次都吃了毓婷的，但为什么我的女朋友还是怀孕了呢？网友神回复：因为别的男人没有吃！恭喜你，喜当爹了！	"喜当爹,屌丝喜当爹,喜当爹笑话"	屌丝喜当爹_喜当爹笑话
手机控	手机从不离身，总是低头玩着手机，离开手机就觉得是世界末日的人叫做手机控，手机党。手机控都对手机有着严重的依赖性。手机党无WiFi不欢。无论环境多么恶劣危险都无法阻止手机控们和手机分开。深夜手机党请注意：小伙摸黑玩手机一年多视网膜脱落。太可怕了，是时候远离手机了。	"手机控,手机党,手机控笑话"	手机党_手机控笑话
人渣	人渣愿意指那些品行败坏的人，网络中人渣指朋友间的戏称。一次打电话给一哥们说最近交了个十八岁的小女友，那货立马说:你就是个人渣！我：至于吗？然后那货说:你看是不是这么个情况，你跟她差八岁，这样算起来你读大一的时候她还在读小学五年级，你说你在读大学的时候去泡小学生!你不是人渣是什么!	"人渣,渣渣,人渣笑话"	渣渣_人渣笑话
你造吗	你造吗，来源于台湾话，知道的拼音连着读或者读快了就成了“造”欧皓辰！你造吗，为直都，宣你！这是《爱情公寓》4唐悠悠的台词，这句话用台湾腔语调夸张的说出来后，爆红网络。一个台湾小哥向东北姑娘表白，小哥软绵绵的说：“我宣你汗久，你造吗？”东北妹子后退两步，脆生生回答：“哎呀妈，我布道啊！”	"你造吗,你造吗是什么意思,你造吗我宣你"	你造吗是什么意思_你造吗我宣你
食堂菜	食堂菜被称为中国第九大菜式。食堂菜神作不断，月饼炒辣椒，玉米炒葡萄，苹果炒西瓜，番茄炒菠萝，西红柿炒蛋（煮鸡蛋炒圣女果）只有你想不到，没有食堂菜做不到。有同学福建师范大学食堂吃到了“红烧猪乳头”，食堂菜你的节操呢？	食堂菜，食堂神菜式，食堂神菜	食堂神菜式_食堂神菜
蓝颜	蓝颜是指女人对男性知己的称呼。如何看待女友的蓝颜？情侣们注意了，千万别让你的女朋友有蓝颜知己，因为蓝着蓝着你就绿了。千万别让你的男朋友有红颜知己，因为红着红着你俩就黄了。根本不存在什么蓝颜，蓝颜和红颜本质上都是备胎。	"蓝颜,蓝颜是什么意思,蓝颜知己是什么意思"	蓝颜是什么意思_蓝颜知己是什么意思
王思聪	王思聪是谁？王思聪堪称“中国第一富二代”。王思聪在网络十分高调。豪掷千万为兔女郎投票，还自诩加藤鹰。因为一句“我交朋友不在乎钱，反正都没我有钱”创造了王思聪体。国民老公王思聪的微博评论总是十分精彩。王思聪爱骂人，不管骂谁，下面的评论都是：老公，骂得好！	"王思聪,王思聪是谁,王思聪体,王思聪微博"	王思聪是谁_王思聪体_王思聪微博
神最右	微博上或者其他网络媒体中第一个转发评论的人被称为最右。神最右是指最右的人说了一句非常经典、犀利，且常常可以戳中大家的笑点，引来网友普遍的共鸣的话，再次转微博的人都会将其同时转发，神最右句句个个都是神回复啊！	"神最右,神回复"	神回复
国民岳父韩寒	韩寒著名作家，职业赛车手。韩寒又被网络成为国民岳父。只因为韩寒在微博频晒女儿小野萌照，韩小野水汪汪的眼睛，嘟嘴吃着面包片，萌翻众网友。引发一大波网友围观，纷纷要和韩寒定下娃娃亲。大批网友和明星都纷纷包围韩寒微博留言齐喊“岳父大人”。韩寒俨然成为了国民岳父。	"国民岳父韩寒,韩寒女儿韩小野,心疼岳父韩寒"	韩寒女儿韩小野_心疼岳父韩寒
明星脸	一些人因为相貌和气质与当红明星有些相似，而被为明星脸。朋友去相亲，介绍人说女的长得一张明星脸，我那朋友激动得一塌糊涂，回来却一脸沮丧，我们问他怎么了?连明星的长相都看不上啊？还是女的要求太高啊？那哥们当时差点哭出来，明星脸是明星脸，但是别长得像毕姥爷啊！毕姥爷？！女的？	"明星脸,明星脸笑话"	明星脸笑话
屌丝男士	《屌丝男士》是一部向德国电视剧《屌丝女士》致敬的喜剧短片。《屌丝男士》播出后即成为网络神剧，《屌丝男士》第二季播出后继续火爆。大鹏在片中饰演现实生活中的各种屌丝男性。大鹏出演的“屌丝男士”够屌、够贱，够真实，够爆笑。此片堪称史上出现明星客串最多的喜剧。	"屌丝男士,屌丝男士剧照,屌丝男士美女"	屌丝男士剧照_屌丝男士美女
波霸	波霸是英文词汇“ball”的直译音，波霸泛指女性的胸部到了巨无霸的地步。娱乐圈的女明星总是演绎着平胸妹变波霸的神奇。女友是个波霸，我开玩笑问她里面的不会都是硅胶吧？她点点头说是，看我脸都白了她笑着安慰我说：骗你的啦！那是用我自己脂肪做的，我以前是男人的时候比较胖。	"波霸,大波霸,波霸图,波霸女,波霸笑话"	大波霸_波霸图_波霸女_波霸笑话
农民工	现在农民工的涵盖范围很广。大批从事计算机的人自称IT农民工。农民工代表着朴实勤劳。农民工早已拜托了低收入。本学期课程设计，本人走访亲自调查的数据，我小叔在外地当农民工，上个月工钱是7000多...天桥上给手机贴膜的一个月至少几千甚至上万……刚毕业的我深深的自卑了.....	"农民工,新生代农民工,IT农民工,农民工笑话"	新生代农民工_IT农民工_农民工笑话
啦啦队	"拉拉队是体育比赛进行中,为运动员加油、助威的人群。拉拉队通常都是由青春动感的妹子组成。性感的辣妹拉拉队更能吸引高人气。今年的NBA季后赛很精彩，要问我支持哪支队伍，真是太难选了，因为他们给美女啦啦队的镜头太少了。"	"啦啦队,拉拉队,啦啦队美女,啦啦队笑话"	拉拉队_啦啦队美女_啦啦队笑话
不明觉厉	“不明觉厉”，网络用语，意为“虽然不明白（对方）在说什么、做什么，但是感觉很厉害的样子。出自周星驰的电影《食神》中的角色对白。高手间的游戏总是让人不明觉厉。追韩剧的嫁不出去，追日剧的腰腹无力，追美剧的不明觉厉……	"不明觉厉,不明觉厉是什么意思,不明觉厉笑话"	不明觉厉是什么意思_不明觉厉笑话
沈小美	一位自称“沈小美”的实习编辑希望获得笑话博览用户的支持，从而成为笑话博览的正式编辑，并在贴出的多篇笑话中介绍自己。短短一天内，“沈小美”得到大批笑话博览粉丝的支持，由于关注她的人太多，搜索引擎甚至专门设立“沈小美”的关键词，方便用户了解。一天之间，“沈小美”变成了网络红人。	沈小美	
臣妾做不到啊	臣妾做不到啊，出自电视剧《甄嬛传》图片中蔡少芬所扮演的皇后表情夸张，对应台词正是“臣妾做不到啊！”，之后“臣妾做不到啊”这张图被众多网友恶搞而爆红网络。别再胖了，臣妾做不到啊！睡前不许玩手机了，臣妾做不到啊！不吐槽，臣妾做不到啊！不看笑话博览，臣妾做不到啊！	"臣妾做不到啊,臣妾做不到啊图片,臣妾做不到啊笑话"	臣妾做不到啊图片_臣妾做不到啊笑话
绿茶婊	绿茶婊是2013年中国的网络新词。“绿茶婊”泛指表面“清新”如绿茶，内心却龌蹉不堪的女性。“绿茶婊”的一些典型特征，包括：外表小清新，内心文艺范，男生朋友特别多，装纯，爱暧昧等。网络红人奶茶妹妹和京东掌门刘强东的八卦恋情被网友挖掘成为了新一代绿茶婊。	"绿茶婊,绿茶婊是什么意思,绿茶婊笑话"	绿茶婊是什么意思_绿茶婊笑话
煞笔	"煞笔，网络词语，也做傻B，骂人用语。煞笔是说一个人办事,说话,有点离谱,是憨傻不精的人。一次跟朋友开黑玩lol，在选人的时候，他跟我说电脑好卡，接着一逗b就说ALT+F4可以提高电脑运行速度，我刚准备提醒他别上当，系统就提示了“召唤师2离开了游戏……”你在网上这么煞笔，你家里人知道吗？"	"煞笔,煞笔笑话"	煞笔笑话
异形	异形即奇形怪状的。美国大片里面经常上演的异形，一般就是说出乎人类认知的存在，比如僵尸啦、变异生物啦等等。在搞笑的世界里，异形也可以扮可爱，异形们也有童年，酷酷的异形立马变得贴近现实起来。	"异形,异形搞笑,异形笑话"	异形搞笑_异形笑话
人妻	人妻多被用于形容已婚女人。有位人妻说：如果以后我老公沉溺美色包二奶在外花天酒地乐不思蜀，而回到家面对我总是一副“压力好大好累”的痿样，那我就夜夜小黄瓜，然后把用过的黄瓜做成拍黄瓜黄瓜汤黄瓜炒蛋给他吃。我不会告诉他的，直到离婚的那一天。最毒不过人妻心啊！	"人妻,妻子,人妻笑话"	妻子_人妻笑话
友尽	“友尽”，网络用语，意为“友情的尽头”用在小伙伴之间的戏称。今天跟一个盆友友尽了，真的无法忍受这样的人，他竟然用我的充电宝给他的充电宝充电！友尽的另一种解释是“我们的友情已经走到了尽头，言外之意，我们的爱情现在就可以开始了”卧槽，以后不能随便说友尽了。	"友尽,友尽是什么意思,友尽了,友尽笑话"	友尽是什么意思_友尽了_友尽笑话
黄牛	黄牛是吃苦耐劳，任劳任怨的象征。黄牛党是我们常说的票贩子。商场门口有推销美容的黄牛，见一大妈路过上前搭讪大妈充耳不闻，于是黄牛道：怕什么大姐，我又不是好人……于是憋到内伤，黄牛你还真有自知之明啊。	"黄牛,黄牛党,黄牛笑话"	黄牛党_黄牛笑话
砳砳	砳砳（lèlè）是2014年南京青奥会吉祥物，砳砳是一个不管怎么看都会产生莫名喜感的奇怪生物。丑萌丑萌的砳砳红遍网络，它那销魂的身姿引来了众多卡通人物模仿，砳砳爱学习，爱摔跤，爱卖萌，砳砳作为一只吉祥物也是蛮拼的！	"砳砳,青奥会砳砳,吉祥物砳砳,南京青奥会吉祥物砳砳"	青奥会砳砳_吉祥物砳砳_南京青奥会吉祥物砳砳
宫锁连城	"《宫锁连城》又叫《宫三》,《宫锁连城》奇葩的剧情，一播出就受到了广大网友的吐槽。一组袁珊珊泡在透明浴缸的“蛋花汤”剧照亮瞎了网友双眼。PS大神纷纷开始恶搞西红柿鸡蛋汤，琼瑶阿姨也起诉《宫锁连城》侵权。对于此事，于妈说：这是一次巧合。巧合你妹啊！《宫锁连城》你的节操呢？"	"宫锁连城,宫3,宫锁连城袁珊珊蛋花汤"	宫3_宫锁连城袁珊珊蛋花汤
累觉不爱	累觉不爱是很累，感觉自己不会再爱了的缩略形式。源自豆瓣上一个帖子，一名95后男孩感叹“很累，感觉自己不会再爱了”后在网络中流行开来。想吃凉皮拿了10块钱去买，到了钱没了；又回家拿了10块钱，到了凉皮没了；几分钟的事，经历了人生大起大落，累觉不爱！	"累觉不爱,累觉不爱什么意思,累感不爱"	累觉不爱什么意思_累感不爱
冰桶挑战	冰桶挑战全称为“ALS冰桶挑战赛”，是美国社交网站兴起的一项全民慈善活动。冰桶挑战在美国走红，目前已经扩散到中国，科技界大佬、演艺界明星纷纷接受了冰桶挑战。目前，刘德华、王力宏，周杰伦，王思聪，李彦宏已经完成了冰桶挑战。冰桶挑战让慈善变得炫酷！	"冰桶挑战,冰桶挑战赛,ALS冰桶挑战赛"	冰桶挑战赛_ALS冰桶挑战赛
代购	如今，朋友圈里充斥着代购党。我对你取消关注是因为我买不起你代购的东西。所有的社交网络都是始于约炮，发展于炫耀，终结于代购。看到朋友圈里的好友一个接一个地成了海外代购，我的内心无比失落。难道彼此之间原本简简单单的好友关系，非要这样残酷地变成竞争关系吗？	"代购,代购党,海外代购,朋友圈代购,代购笑话"	代购党_海外代购_朋友圈代购_代购笑话
美丑鉴别法	有一款日本网友疯玩的测试趣图在网络上走红：如果食指连接下巴和鼻子后还会碰到嘴唇，那就是长得丑。网友称之为“美丑鉴别法”一时之间，演艺圈的女明星们纷纷加入到测试自己美丑的队伍中来。不管科学不科学，休闲娱乐来一发，笑话博览们你敢测试一下嘛？	"美丑鉴别法,日本美丑鉴别,美丑鉴别"	日本美丑鉴别_美丑鉴别
